Sr. No.,Emp. Code,Emp. Tags,Employee Name,Employee Number,Message Content,Message Date,Message Time,Unique customer Id
19,FB003,Pune,Shubhangi,9.18889E+11,Class you she brother.,05-07-2024,2:08 PM,CUST0019
24,FB002,Mumbai,Ankur Garde,9.18889E+11,Draw order agree though town lose.,18-02-2021,4:44 AM,CUST0024
27,FB015,New York,Rachel,9.18889E+11,Various put strategy contain by.,08-07-2022,1:50 AM,CUST0027
29,FB003,Pune,Shubhangi,9.18889E+11,Production bill respond street.,15-01-2023,8:44 PM,CUST0029
34,FB002,Mumbai,Ankur Garde,9.18889E+11,Risk understand model nation.,10-03-2024,5:59 AM,CUST0034
35,FB003,Pune,Shubhangi,9.18889E+11,Everybody nature still paper your.,26-11-2020,11:42 PM,CUST0035
37,FB015,New York,Rachel,9.18889E+11,Stage organization fund weight.,31-12-2021,12:30 PM,CUST0037
40,FB015,New York,Rachel,9.18889E+11,Appear series away difficult.,22-12-2021,8:44 PM,CUST0040
49,FB001,Nagpur,Aniruddha Kalbande,9.18889E+11,Amount learn seem myself cold produce.,11-12-2020,5:26 AM,CUST0049
61,FB008,New York,Steve,9.18889E+11,Million car win economy owner girl without statement.,17-12-2023,2:03 AM,CUST0061
72,FB003,Pune,Shubhangi,9.18889E+11,Our seven apply present coach candidate long game.,24-09-2023,3:03 AM,CUST0072
79,FB003,Pune,Shubhangi,9.18889E+11,Reflect two bit much born star.,28-05-2022,2:09 PM,CUST0079
80,FB002,Mumbai,Ankur Garde,9.18889E+11,Act many recent lawyer worry nice.,19-11-2020,8:55 AM,CUST0080
83,FB015,New York,Rachel,9.18889E+11,Make security article.,18-03-2024,10:46 PM,CUST0083
90,FB008,New York,Steve,9.18889E+11,Commercial lose majority expert shake.,22-08-2021,7:55 PM,CUST0090
110,FB003,Pune,Shubhangi,9.18889E+11,Country small age century front industry cause.,16-09-2020,8:25 AM,CUST0110
117,FB002,Mumbai,Ankur Garde,9.18889E+11,World expert but nature.,17-09-2020,3:58 PM,CUST0117
134,FB003,Pune,Shubhangi,9.18889E+11,Cultural receive whatever cause skin almost election.,11-10-2023,10:48 PM,CUST0134
143,FB001,Nagpur,Aniruddha Kalbande,9.18889E+11,Property enough center too fill main.,01-09-2022,2:59 AM,CUST0143
152,FB001,Nagpur,Aniruddha Kalbande,9.18889E+11,Tax single man he.,06-03-2021,11:16 PM,CUST0152
153,FB002,Mumbai,Ankur Garde,9.18889E+11,Capital soldier foreign employee.,21-03-2021,1:12 AM,CUST0153
170,FB008,New York,Steve,9.18889E+11,Both rich heart cover ability recently fill.,22-06-2024,11:37 PM,CUST0170
177,FB015,New York,Rachel,9.18889E+11,Run alone goal.,05-03-2024,11:17 PM,CUST0177
183,FB002,Mumbai,Ankur Garde,9.18889E+11,Other truth coach coach dinner.,23-02-2022,10:40 PM,CUST0183
199,FB015,New York,Rachel,9.18889E+11,Doctor worker natural party.,15-10-2021,6:47 AM,CUST0199
209,FB001,Nagpur,Aniruddha Kalbande,9.18889E+11,Away still during professional.,08-06-2021,10:31 PM,CUST0209
215,FB015,New York,Rachel,9.18889E+11,Thank southern party special.,04-08-2022,12:28 AM,CUST0215
229,FB015,New York,Rachel,9.18889E+11,Beat member recognize send market.,05-10-2023,6:18 AM,CUST0229
230,FB001,Nagpur,Aniruddha Kalbande,9.18889E+11,Why prepare relationship society.,23-07-2023,1:07 PM,CUST0230
243,FB015,New York,Rachel,9.18889E+11,South sing check.,27-06-2024,1:16 PM,CUST0243
244,FB003,Pune,Shubhangi,9.18889E+11,Point peace federal term.,08-04-2024,11:06 PM,CUST0244
272,FB002,Mumbai,Ankur Garde,9.18889E+11,Range drive evening media southern military music.,17-10-2020,2:18 PM,CUST0272
277,FB008,New York,Steve,9.18889E+11,Understand allow color.,17-08-2023,1:33 PM,CUST0277
284,FB003,Pune,Shubhangi,9.18889E+11,Region meet article vote.,02-11-2022,2:35 PM,CUST0284
287,FB003,Pune,Shubhangi,9.18889E+11,Idea cultural might job.,31-01-2023,2:46 AM,CUST0287
302,FB015,New York,Rachel,9.18889E+11,Race worker training popular upon.,14-08-2023,2:34 AM,CUST0302
306,FB003,Pune,Shubhangi,9.18889E+11,People only black surface.,04-12-2020,7:27 PM,CUST0306
307,FB002,Mumbai,Ankur Garde,9.18889E+11,Nothing case good.,12-05-2023,10:39 PM,CUST0307
308,FB003,Pune,Shubhangi,9.18889E+11,Hair class away.,26-09-2023,4:40 PM,CUST0308
317,FB001,Nagpur,Aniruddha Kalbande,9.18889E+11,Fine position leave weight behavior.,17-09-2022,6:39 PM,CUST0317
322,FB003,Pune,Shubhangi,9.18889E+11,Question country pattern provide knowledge.,31-05-2022,7:12 AM,CUST0322
352,FB015,New York,Rachel,9.18889E+11,Room set study whole right perhaps worker remember.,07-05-2021,6:50 PM,CUST0352
366,FB001,Nagpur,Aniruddha Kalbande,9.18889E+11,Read student business home place subject.,17-11-2022,6:10 AM,CUST0366
379,FB008,New York,Steve,9.18889E+11,Suddenly whose heavy social stock.,05-05-2022,1:22 AM,CUST0379
380,FB015,New York,Rachel,9.18889E+11,Republican party best list himself.,12-09-2022,4:09 AM,CUST0380
384,FB008,New York,Steve,9.18889E+11,Smile level line thought family join.,03-10-2021,8:45 AM,CUST0384
387,FB002,Mumbai,Ankur Garde,9.18889E+11,Story across pattern member.,26-08-2020,11:05 AM,CUST0387
394,FB015,New York,Rachel,9.18889E+11,Feel edge Mrs process.,19-07-2024,12:59 AM,CUST0394
398,FB003,Pune,Shubhangi,9.18889E+11,Key since medical find.,27-05-2024,12:52 AM,CUST0398
400,FB015,New York,Rachel,9.18889E+11,Much special suddenly thousand.,11-09-2022,3:17 PM,CUST0400
408,FB001,Nagpur,Aniruddha Kalbande,9.18889E+11,Time alone build would pick capital will.,21-07-2024,4:14 AM,CUST0408
410,FB003,Pune,Shubhangi,9.18889E+11,Any outside give respond song be.,22-04-2023,8:53 PM,CUST0410
413,FB015,New York,Rachel,9.18889E+11,Center alone loss build hold animal central minute.,26-04-2023,4:24 AM,CUST0413
417,FB008,New York,Steve,9.18889E+11,Evening police political return second guess.,03-02-2021,11:35 PM,CUST0417
434,FB015,New York,Rachel,9.18889E+11,Stay military tell history policy girl high.,12-11-2020,3:25 PM,CUST0434
462,FB001,Nagpur,Aniruddha Kalbande,9.18889E+11,Agent above despite capital clear knowledge finish.,19-11-2023,7:27 AM,CUST0462
470,FB008,New York,Steve,9.18889E+11,Those despite form.,28-12-2020,5:37 PM,CUST0470
483,FB008,New York,Steve,9.18889E+11,System ever member.,23-11-2020,10:09 PM,CUST0483
492,FB008,New York,Steve,9.18889E+11,Term stock hold brother ten machine.,30-06-2024,5:58 PM,CUST0492
498,FB015,New York,Rachel,9.18889E+11,Economic determine letter require thank song.,04-08-2022,2:51 AM,CUST0498
500,FB001,Nagpur,Aniruddha Kalbande,9.18889E+11,Leave give price light time education.,07-02-2024,10:30 PM,CUST0500
503,FB001,Nagpur,Aniruddha Kalbande,9.18889E+11,Partner there present law pressure.,04-09-2020,2:54 AM,CUST0503
510,FB015,New York,Rachel,9.18889E+11,Cover human interest end.,01-09-2020,5:37 PM,CUST0510
512,FB003,Pune,Shubhangi,9.18889E+11,Point important road.,30-06-2021,3:44 AM,CUST0512
523,FB015,New York,Rachel,9.18889E+11,Smile win my detail.,20-12-2023,3:07 AM,CUST0523
526,FB002,Mumbai,Ankur Garde,9.18889E+11,Where central remember join.,05-02-2023,5:26 PM,CUST0526
544,FB002,Mumbai,Ankur Garde,9.18889E+11,View friend arm level let majority.,30-06-2023,7:36 PM,CUST0544
552,FB015,New York,Rachel,9.18889E+11,Dream yourself maintain leave stay analysis kid.,27-07-2021,11:15 AM,CUST0552
560,FB008,New York,Steve,9.18889E+11,Official sound show remain.,21-12-2021,1:29 AM,CUST0560
562,FB008,New York,Steve,9.18889E+11,Service hot risk land anything between.,26-03-2021,2:44 AM,CUST0562
564,FB002,Mumbai,Ankur Garde,9.18889E+11,Side section share build.,21-04-2022,11:51 AM,CUST0564
568,FB001,Nagpur,Aniruddha Kalbande,9.18889E+11,Responsibility require page.,16-07-2021,5:46 PM,CUST0568
573,FB015,New York,Rachel,9.18889E+11,Mouth after though start beat move enter.,13-09-2023,2:31 PM,CUST0573
577,FB001,Nagpur,Aniruddha Kalbande,9.18889E+11,Reality herself record note cover suggest data.,18-08-2021,9:39 AM,CUST0577
586,FB003,Pune,Shubhangi,9.18889E+11,Stay trip lawyer peace cut hear.,09-08-2021,8:23 PM,CUST0586
588,FB001,Nagpur,Aniruddha Kalbande,9.18889E+11,By marriage check throughout response firm finally most.,31-08-2022,8:55 PM,CUST0588
590,FB002,Mumbai,Ankur Garde,9.18889E+11,Shoulder total security issue yet.,30-04-2023,7:32 PM,CUST0590
592,FB001,Nagpur,Aniruddha Kalbande,9.18889E+11,A any family quite compare.,23-12-2021,11:22 AM,CUST0592
594,FB001,Nagpur,Aniruddha Kalbande,9.18889E+11,Agency each story tree popular community.,22-07-2024,5:23 PM,CUST0594
600,FB002,Mumbai,Ankur Garde,9.18889E+11,Second seem stop when.,02-11-2023,1:24 AM,CUST0600
601,FB008,New York,Steve,9.18889E+11,Could purpose order I very but.,23-03-2022,6:27 PM,CUST0601
605,FB015,New York,Rachel,9.18889E+11,School size although bit.,05-05-2024,9:09 PM,CUST0605
608,FB001,Nagpur,Aniruddha Kalbande,9.18889E+11,Mrs while interview listen form what.,21-01-2023,7:12 PM,CUST0608
623,FB001,Nagpur,Aniruddha Kalbande,9.18889E+11,Rich would if police be expect once.,13-05-2021,4:43 AM,CUST0623
626,FB015,New York,Rachel,9.18889E+11,Second arm force continue since.,22-01-2024,1:49 AM,CUST0626
640,FB008,New York,Steve,9.18889E+11,Person where reach moment science hope red.,18-01-2023,12:32 AM,CUST0640
653,FB015,New York,Rachel,9.18889E+11,Environmental party along think seven ready piece Republican.,01-06-2021,8:23 PM,CUST0653
662,FB003,Pune,Shubhangi,9.18889E+11,Contain bag say total.,13-10-2022,8:58 PM,CUST0662
663,FB003,Pune,Shubhangi,9.18889E+11,Cell crime natural summer than first because wide.,19-07-2021,6:36 AM,CUST0663
664,FB002,Mumbai,Ankur Garde,9.18889E+11,They official measure sound.,17-11-2020,10:48 AM,CUST0664
665,FB003,Pune,Shubhangi,9.18889E+11,Everything possible budget whole cell.,27-08-2023,6:31 PM,CUST0665
667,FB001,Nagpur,Aniruddha Kalbande,9.18889E+11,Article do crime page suffer.,24-04-2023,4:10 AM,CUST0667
682,FB008,New York,Steve,9.18889E+11,Run film hard exactly southern less.,30-09-2020,6:17 AM,CUST0682
683,FB003,Pune,Shubhangi,9.18889E+11,Either hospital history task.,01-10-2023,11:01 AM,CUST0683
697,FB008,New York,Steve,9.18889E+11,Interesting can parent.,12-01-2023,8:35 PM,CUST0697
701,FB001,Nagpur,Aniruddha Kalbande,9.18889E+11,Sister toward none blood some.,18-08-2024,10:26 PM,CUST0701
703,FB003,Pune,Shubhangi,9.18889E+11,Clearly hot from.,02-04-2022,8:30 PM,CUST0703
706,FB002,Mumbai,Ankur Garde,9.18889E+11,Stay even nearly into receive likely.,30-10-2021,4:13 PM,CUST0706
711,FB003,Pune,Shubhangi,9.18889E+11,Sell change case these add.,30-04-2023,12:16 AM,CUST0711
723,FB003,Pune,Shubhangi,9.18889E+11,Ago total market west.,28-01-2023,10:11 AM,CUST0723
724,FB002,Mumbai,Ankur Garde,9.18889E+11,Force chance surface work laugh those drug.,11-11-2020,9:08 AM,CUST0724
736,FB001,Nagpur,Aniruddha Kalbande,9.18889E+11,Treatment trip fill international.,08-04-2024,9:15 AM,CUST0736
746,FB008,New York,Steve,9.18889E+11,Poor blue record feel we imagine field.,02-11-2021,3:16 PM,CUST0746
747,FB008,New York,Steve,9.18889E+11,Camera face job experience still and.,01-07-2023,9:59 AM,CUST0747
751,FB002,Mumbai,Ankur Garde,9.18889E+11,Perhaps mission far week.,02-08-2023,4:00 AM,CUST0751
765,FB008,New York,Steve,9.18889E+11,Rest same lot go another forward.,27-01-2024,1:05 PM,CUST0765
769,FB001,Nagpur,Aniruddha Kalbande,9.18889E+11,Happy sea inside dog according bar.,27-10-2022,1:50 AM,CUST0769
780,FB002,Mumbai,Ankur Garde,9.18889E+11,Exactly billion system car give whole hit.,27-08-2022,1:01 PM,CUST0780
785,FB015,New York,Rachel,9.18889E+11,Concern professor area system both son beat.,02-12-2023,9:59 PM,CUST0785
809,FB002,Mumbai,Ankur Garde,9.18889E+11,State process wide significant like career activity.,25-08-2020,1:18 AM,CUST0809
821,FB002,Mumbai,Ankur Garde,9.18889E+11,Nice remember culture support performance.,04-02-2021,9:25 PM,CUST0821
828,FB002,Mumbai,Ankur Garde,9.18889E+11,Ok financial significant spring put radio.,07-05-2022,9:18 PM,CUST0828
829,FB003,Pune,Shubhangi,9.18889E+11,Certain do thing own.,20-10-2021,11:53 AM,CUST0829
835,FB008,New York,Steve,9.18889E+11,Strategy environment sort least identify.,05-03-2021,2:57 AM,CUST0835
841,FB008,New York,Steve,9.18889E+11,Laugh television growth approach per majority especially draw.,25-04-2021,5:57 PM,CUST0841
843,FB001,Nagpur,Aniruddha Kalbande,9.18889E+11,Community popular think family capital rock by.,22-05-2022,1:36 AM,CUST0843
845,FB001,Nagpur,Aniruddha Kalbande,9.18889E+11,Table drug community ok operation provide.,29-04-2024,8:44 AM,CUST0845
848,FB002,Mumbai,Ankur Garde,9.18889E+11,Rather feeling record chance yourself.,30-08-2022,4:41 AM,CUST0848
856,FB003,Pune,Shubhangi,9.18889E+11,Both protect job daughter.,28-05-2022,11:58 AM,CUST0856
866,FB002,Mumbai,Ankur Garde,9.18889E+11,Language field until he resource.,22-01-2024,1:07 PM,CUST0866
880,FB001,Nagpur,Aniruddha Kalbande,9.18889E+11,Trouble approach myself modern.,03-07-2022,9:13 AM,CUST0880
881,FB008,New York,Steve,9.18889E+11,Along rate structure arrive begin nothing over.,02-06-2022,5:36 AM,CUST0881
882,FB002,Mumbai,Ankur Garde,9.18889E+11,Rich move professor provide.,22-08-2022,4:02 PM,CUST0882
884,FB002,Mumbai,Ankur Garde,9.18889E+11,Hand establish really rock only meeting ground.,07-11-2021,12:08 AM,CUST0884
891,FB001,Nagpur,Aniruddha Kalbande,9.18889E+11,Serve writer into rock.,29-11-2020,8:10 PM,CUST0891
906,FB015,New York,Rachel,9.18889E+11,Region federal man national.,07-03-2024,7:46 PM,CUST0906
921,FB001,Nagpur,Aniruddha Kalbande,9.18889E+11,Mother allow organization kitchen art Mrs.,06-04-2024,3:20 AM,CUST0921
927,FB002,Mumbai,Ankur Garde,9.18889E+11,Why focus feel result.,21-10-2020,1:09 PM,CUST0927
931,FB008,New York,Steve,9.18889E+11,Age beyond miss employee bit relationship hear.,20-02-2021,5:43 PM,CUST0931
953,FB002,Mumbai,Ankur Garde,9.18889E+11,Reflect blue least trial.,19-05-2024,12:02 PM,CUST0953
963,FB003,Pune,Shubhangi,9.18889E+11,Radio start account thing evening be well room.,27-01-2022,9:52 PM,CUST0963
964,FB008,New York,Steve,9.18889E+11,Catch room several.,20-01-2023,3:17 PM,CUST0964
965,FB015,New York,Rachel,9.18889E+11,Time fill election expect expert hard.,09-05-2024,11:39 AM,CUST0965
972,FB002,Mumbai,Ankur Garde,9.18889E+11,Most truth quite article condition site.,28-01-2024,4:20 PM,CUST0972
979,FB003,Pune,Shubhangi,9.18889E+11,Program food both money policy.,15-11-2022,2:49 AM,CUST0979
983,FB003,Pune,Shubhangi,9.18889E+11,Foreign interest rest set choice alone form service.,24-11-2021,11:49 PM,CUST0983
998,FB003,Pune,Shubhangi,9.18889E+11,Plant worker family budget exist staff.,27-08-2021,7:11 PM,CUST0998
1001,FB001,Nagpur,Aniruddha Kalbande,9.18889E+11,To early including instead move into laugh.,16-11-2023,2:15 AM,CUST1001
1005,FB001,Nagpur,Aniruddha Kalbande,9.18889E+11,That lose bag wait.,04-12-2020,8:50 PM,CUST1005
1009,FB015,New York,Rachel,9.18889E+11,Daughter example ground subject fish war.,07-03-2023,6:42 PM,CUST1009
1035,FB015,New York,Rachel,9.18889E+11,Whom back themselves late security program wait.,22-06-2022,2:39 AM,CUST1035
1042,FB003,Pune,Shubhangi,9.18889E+11,Section system three around poor.,12-07-2022,11:30 PM,CUST1042
1046,FB001,Nagpur,Aniruddha Kalbande,9.18889E+11,Professional head executive nice bar draw performance.,23-04-2024,8:37 AM,CUST1046
1051,FB001,Nagpur,Aniruddha Kalbande,9.18889E+11,White heavy major poor few thought new.,07-11-2022,5:20 AM,CUST1051
1053,FB003,Pune,Shubhangi,9.18889E+11,Day important especially finish about career.,14-08-2022,2:37 PM,CUST1053
1061,FB003,Pune,Shubhangi,9.18889E+11,Number stop least hard.,14-05-2021,8:26 PM,CUST1061
1072,FB001,Nagpur,Aniruddha Kalbande,9.18889E+11,Serious be nearly candidate theory early need.,12-01-2023,4:04 PM,CUST1072
1074,FB008,New York,Steve,9.18889E+11,Base article hair one represent from.,10-07-2022,1:37 PM,CUST1074
1083,FB002,Mumbai,Ankur Garde,9.18889E+11,Computer class your official.,20-02-2024,8:29 AM,CUST1083
1087,FB003,Pune,Shubhangi,9.18889E+11,Could reality station local space the summer.,03-01-2021,2:12 AM,CUST1087
1123,FB008,New York,Steve,9.18889E+11,Growth floor crime low because best feel.,07-05-2021,5:22 PM,CUST1123
1138,FB015,New York,Rachel,9.18889E+11,Suggest might professor mean around.,02-06-2021,2:24 AM,CUST1138
1142,FB008,New York,Steve,9.18889E+11,Himself in development these history help detail.,11-04-2023,4:21 AM,CUST1142
1150,FB001,Nagpur,Aniruddha Kalbande,9.18889E+11,Against campaign beyond.,22-03-2022,5:09 PM,CUST1150
1164,FB003,Pune,Shubhangi,9.18889E+11,Study rest others necessary none memory up.,14-08-2024,8:07 AM,CUST1164
1175,FB002,Mumbai,Ankur Garde,9.18889E+11,Special kid person research imagine bill attorney.,24-05-2022,7:23 AM,CUST1175
1185,FB008,New York,Steve,9.18889E+11,Democratic student specific.,29-04-2021,6:32 AM,CUST1185
1205,FB003,Pune,Shubhangi,9.18889E+11,Single art base trip close speak treat less.,15-05-2021,6:28 PM,CUST1205
1213,FB002,Mumbai,Ankur Garde,9.18889E+11,Benefit item wrong financial now.,14-06-2021,11:59 PM,CUST1213
1221,FB001,Nagpur,Aniruddha Kalbande,9.18889E+11,Of week entire college bit start force.,15-07-2022,1:42 AM,CUST1221
1224,FB001,Nagpur,Aniruddha Kalbande,9.18889E+11,Check recent explain low safe significant administration.,30-07-2021,2:29 PM,CUST1224
1240,FB008,New York,Steve,9.18889E+11,Use yard herself work herself control laugh.,30-01-2022,11:02 PM,CUST1240
1249,FB003,Pune,Shubhangi,9.18889E+11,Poor sea understand trip job.,27-06-2021,3:54 PM,CUST1249
1253,FB015,New York,Rachel,9.18889E+11,Story far son know campaign seat.,31-07-2023,6:14 PM,CUST1253
1257,FB003,Pune,Shubhangi,9.18889E+11,Glass story above such finally adult.,17-01-2024,2:52 AM,CUST1257
1262,FB015,New York,Rachel,9.18889E+11,About doctor window share.,19-06-2021,11:39 PM,CUST1262
1263,FB015,New York,Rachel,9.18889E+11,Way industry suddenly call no.,23-06-2021,7:12 AM,CUST1263
1266,FB008,New York,Steve,9.18889E+11,Important Congress range fear food career.,18-04-2021,4:37 PM,CUST1266
1276,FB002,Mumbai,Ankur Garde,9.18889E+11,Remember western term action rock.,12-08-2022,5:35 AM,CUST1276
1277,FB015,New York,Rachel,9.18889E+11,Size quickly development clearly would assume these.,28-02-2022,10:59 AM,CUST1277
1281,FB001,Nagpur,Aniruddha Kalbande,9.18889E+11,Information not why tonight mission should.,09-12-2022,10:09 AM,CUST1281
1283,FB002,Mumbai,Ankur Garde,9.18889E+11,Stuff yet rather remain purpose tell interview sit.,21-04-2021,10:28 AM,CUST1283
1285,FB001,Nagpur,Aniruddha Kalbande,9.18889E+11,Church respond though feeling total generation treatment citizen.,31-03-2024,2:09 PM,CUST1285
1286,FB003,Pune,Shubhangi,9.18889E+11,His rich action create stock big also.,12-09-2021,8:37 PM,CUST1286
1292,FB001,Nagpur,Aniruddha Kalbande,9.18889E+11,Determine happen like perform security.,29-12-2020,4:57 AM,CUST1292
1297,FB008,New York,Steve,9.18889E+11,Type your government loss.,16-03-2021,12:59 AM,CUST1297
1298,FB008,New York,Steve,9.18889E+11,Idea cover play enough relate.,31-05-2022,3:40 AM,CUST1298
1313,FB003,Pune,Shubhangi,9.18889E+11,Return role phone put much enough bank.,14-03-2021,11:32 AM,CUST1313
1345,FB015,New York,Rachel,9.18889E+11,Size move hope.,22-09-2020,9:18 PM,CUST1345
1361,FB002,Mumbai,Ankur Garde,9.18889E+11,Art best part street phone international someone.,15-03-2022,4:50 PM,CUST1361
1366,FB008,New York,Steve,9.18889E+11,Particular idea policy first half receive.,22-12-2023,11:32 PM,CUST1366
1374,FB008,New York,Steve,9.18889E+11,Feeling hand arrive common prevent military discuss.,24-09-2022,10:26 PM,CUST1374
1386,FB002,Mumbai,Ankur Garde,9.18889E+11,Goal tax gas grow push middle.,04-04-2021,11:19 PM,CUST1386
1394,FB003,Pune,Shubhangi,9.18889E+11,Again against though finally court.,01-07-2024,7:56 AM,CUST1394
1400,FB008,New York,Steve,9.18889E+11,Foot year star remember bill head treatment.,02-06-2022,1:48 PM,CUST1400
1404,FB015,New York,Rachel,9.18889E+11,Month energy the benefit fact.,06-04-2021,9:27 AM,CUST1404
1426,FB008,New York,Steve,9.18889E+11,Born billion government civil.,15-03-2022,11:04 AM,CUST1426
1455,FB001,Nagpur,Aniruddha Kalbande,9.18889E+11,Discussion program especially pull line sport new interesting.,27-10-2023,6:45 PM,CUST1455
1457,FB015,New York,Rachel,9.18889E+11,People decision response act indicate behind.,29-11-2023,3:29 PM,CUST1457
1464,FB001,Nagpur,Aniruddha Kalbande,9.18889E+11,Give create manage out.,20-08-2021,7:42 PM,CUST1464
1465,FB008,New York,Steve,9.18889E+11,Trip each before measure through a yes foreign.,26-11-2020,12:27 AM,CUST1465
1477,FB001,Nagpur,Aniruddha Kalbande,9.18889E+11,From allow American week seat others season part.,24-12-2023,7:17 AM,CUST1477
1479,FB008,New York,Steve,9.18889E+11,Need population clearly election.,07-12-2020,2:06 AM,CUST1479
1493,FB002,Mumbai,Ankur Garde,9.18889E+11,Style reason soon notice wife.,16-05-2024,2:49 AM,CUST1493
1504,FB002,Mumbai,Ankur Garde,9.18889E+11,Cold two article share simply bar.,14-04-2024,1:49 AM,CUST1504
1525,FB015,New York,Rachel,9.18889E+11,Seem western successful but push north.,21-09-2023,2:59 AM,CUST1525
1530,FB002,Mumbai,Ankur Garde,9.18889E+11,Operation analysis analysis assume become easy trade.,10-07-2022,12:47 AM,CUST1530
1541,FB015,New York,Rachel,9.18889E+11,Growth set whose always possible.,27-11-2021,10:06 AM,CUST1541
1545,FB015,New York,Rachel,9.18889E+11,Professional this one image.,19-05-2021,12:32 AM,CUST1545
1550,FB002,Mumbai,Ankur Garde,9.18889E+11,Language drop sure contain turn lead.,22-04-2021,9:29 PM,CUST1550
1551,FB015,New York,Rachel,9.18889E+11,Special morning actually firm continue.,07-10-2022,9:24 AM,CUST1551
1554,FB015,New York,Rachel,9.18889E+11,Either traditional move trial especially bag.,24-06-2021,12:37 PM,CUST1554
1575,FB015,New York,Rachel,9.18889E+11,Follow scene enough rather fire suggest.,01-07-2023,12:02 PM,CUST1575
1579,FB003,Pune,Shubhangi,9.18889E+11,Change stay trip ago city.,14-07-2023,5:15 PM,CUST1579
1584,FB015,New York,Rachel,9.18889E+11,Town move just through.,03-05-2022,2:22 PM,CUST1584
1585,FB001,Nagpur,Aniruddha Kalbande,9.18889E+11,Shake sort suggest.,21-06-2024,8:17 PM,CUST1585
1594,FB002,Mumbai,Ankur Garde,9.18889E+11,Remember will recognize her show.,08-03-2023,10:15 AM,CUST1594
1602,FB002,Mumbai,Ankur Garde,9.18889E+11,Task air somebody later particular moment.,21-04-2023,6:01 PM,CUST1602
1609,FB001,Nagpur,Aniruddha Kalbande,9.18889E+11,Environment defense general factor.,05-01-2023,4:59 PM,CUST1609
1610,FB002,Mumbai,Ankur Garde,9.18889E+11,Hand increase very alone.,03-11-2021,11:40 PM,CUST1610
1611,FB008,New York,Steve,9.18889E+11,Wish they stop sea.,19-08-2021,1:07 PM,CUST1611
1615,FB003,Pune,Shubhangi,9.18889E+11,Together send fund though.,18-12-2020,5:11 AM,CUST1615
1619,FB001,Nagpur,Aniruddha Kalbande,9.18889E+11,Spring young cost very general instead top.,25-04-2024,5:19 PM,CUST1619
1622,FB015,New York,Rachel,9.18889E+11,Debate wind property spend.,20-09-2021,3:48 AM,CUST1622
1624,FB008,New York,Steve,9.18889E+11,Work central production history onto war.,30-09-2023,5:20 PM,CUST1624
1625,FB002,Mumbai,Ankur Garde,9.18889E+11,Federal design possible let.,02-03-2023,1:04 AM,CUST1625
1629,FB003,Pune,Shubhangi,9.18889E+11,Education back it.,26-09-2020,2:05 AM,CUST1629
1636,FB008,New York,Steve,9.18889E+11,Nature each discuss somebody help month.,15-12-2023,1:58 PM,CUST1636
1637,FB003,Pune,Shubhangi,9.18889E+11,Close require finally school.,09-01-2024,2:33 PM,CUST1637
1639,FB003,Pune,Shubhangi,9.18889E+11,Adult marriage help edge painting skin.,20-09-2023,2:24 PM,CUST1639
1640,FB008,New York,Steve,9.18889E+11,Home measure memory arm most case.,14-06-2021,4:24 AM,CUST1640
1642,FB002,Mumbai,Ankur Garde,9.18889E+11,Least store land reason PM chance today.,20-03-2021,8:02 AM,CUST1642
1643,FB015,New York,Rachel,9.18889E+11,Theory natural audience practice agreement media.,24-03-2023,7:01 PM,CUST1643
1655,FB003,Pune,Shubhangi,9.18889E+11,Heart each approach recognize hand born.,13-05-2024,5:59 AM,CUST1655
1659,FB001,Nagpur,Aniruddha Kalbande,9.18889E+11,Person new keep than any industry there.,20-01-2024,1:48 AM,CUST1659
1677,FB002,Mumbai,Ankur Garde,9.18889E+11,Tree else my various.,12-05-2023,3:48 AM,CUST1677
1680,FB003,Pune,Shubhangi,9.18889E+11,Article experience politics word.,13-04-2023,11:54 PM,CUST1680
1686,FB015,New York,Rachel,9.18889E+11,Less note body clearly know decide.,03-05-2024,9:24 AM,CUST1686
1687,FB003,Pune,Shubhangi,9.18889E+11,Her room anyone whatever run.,09-11-2023,6:04 AM,CUST1687
1688,FB003,Pune,Shubhangi,9.18889E+11,Hour since fill data more.,09-10-2021,8:19 PM,CUST1688
1694,FB015,New York,Rachel,9.18889E+11,Very short hospital range receive so statement.,02-07-2023,4:59 AM,CUST1694
1696,FB003,Pune,Shubhangi,9.18889E+11,Hand cultural trade employee whose effect like.,13-04-2021,10:50 PM,CUST1696
1697,FB008,New York,Steve,9.18889E+11,Special fight speech back modern sit produce.,20-02-2021,3:59 AM,CUST1697
1704,FB015,New York,Rachel,9.18889E+11,Control state character check present represent share.,04-11-2020,7:06 PM,CUST1704
1706,FB003,Pune,Shubhangi,9.18889E+11,Some upon top bag mother.,06-11-2021,8:30 PM,CUST1706
1719,FB003,Pune,Shubhangi,9.18889E+11,Good back hotel character program.,25-04-2022,10:39 PM,CUST1719
1720,FB015,New York,Rachel,9.18889E+11,Successful society color American.,25-07-2023,9:36 AM,CUST1720
1733,FB003,Pune,Shubhangi,9.18889E+11,Until respond answer wall issue vote adult reveal.,23-01-2023,11:51 PM,CUST1733
1734,FB015,New York,Rachel,9.18889E+11,Despite must police bad wide perform hair.,05-10-2022,8:19 PM,CUST1734
1740,FB001,Nagpur,Aniruddha Kalbande,9.18889E+11,Wish month blood personal worry.,06-03-2021,4:15 PM,CUST1740
1742,FB015,New York,Rachel,9.18889E+11,Authority drive care easy.,30-10-2022,12:22 PM,CUST1742
1750,FB008,New York,Steve,9.18889E+11,Maintain budget from.,28-02-2022,5:33 PM,CUST1750
1751,FB015,New York,Rachel,9.18889E+11,Site whose cost feel.,07-08-2021,10:46 AM,CUST1751
1763,FB001,Nagpur,Aniruddha Kalbande,9.18889E+11,Hear young teacher goal writer smile whether majority.,26-06-2024,3:08 PM,CUST1763
1764,FB003,Pune,Shubhangi,9.18889E+11,Adult wear collection they contain.,26-01-2023,10:26 PM,CUST1764
1779,FB008,New York,Steve,9.18889E+11,Appear ahead station whole full finish determine.,24-09-2023,5:43 PM,CUST1779
1795,FB015,New York,Rachel,9.18889E+11,Public what activity set open security do store.,02-01-2022,2:30 AM,CUST1795
1796,FB008,New York,Steve,9.18889E+11,Listen study two head.,24-04-2021,12:56 PM,CUST1796
1799,FB003,Pune,Shubhangi,9.18889E+11,Suffer common responsibility different adult.,10-05-2023,9:54 AM,CUST1799
1802,FB008,New York,Steve,9.18889E+11,Arrive improve energy whose.,04-08-2024,4:28 AM,CUST1802
1810,FB001,Nagpur,Aniruddha Kalbande,9.18889E+11,Only such list picture benefit.,03-07-2021,10:46 PM,CUST1810
1812,FB002,Mumbai,Ankur Garde,9.18889E+11,Player room ground project particularly expect.,24-05-2022,10:16 AM,CUST1812
1816,FB002,Mumbai,Ankur Garde,9.18889E+11,Next again decade manage story when news bank.,18-04-2022,3:14 AM,CUST1816
1819,FB008,New York,Steve,9.18889E+11,Meeting determine one culture guess age white.,28-05-2022,7:46 PM,CUST1819
1822,FB001,Nagpur,Aniruddha Kalbande,9.18889E+11,Former marriage involve successful.,06-01-2024,10:49 AM,CUST1822
1824,FB001,Nagpur,Aniruddha Kalbande,9.18889E+11,With against speech effect.,19-06-2023,5:53 AM,CUST1824
1833,FB003,Pune,Shubhangi,9.18889E+11,Better paper available democratic.,04-11-2022,1:28 PM,CUST1833
1843,FB001,Nagpur,Aniruddha Kalbande,9.18889E+11,Computer red current right I.,25-09-2022,1:40 AM,CUST1843
1858,FB002,Mumbai,Ankur Garde,9.18889E+11,Although entire late surface watch statement police.,22-07-2024,12:24 PM,CUST1858
1873,FB002,Mumbai,Ankur Garde,9.18889E+11,Power learn around mean six power bank Republican.,10-01-2022,7:11 AM,CUST1873
1874,FB001,Nagpur,Aniruddha Kalbande,9.18889E+11,Leave factor try involve.,06-07-2022,9:37 AM,CUST1874
1877,FB002,Mumbai,Ankur Garde,9.18889E+11,Read book which property.,18-03-2023,5:12 AM,CUST1877
1885,FB002,Mumbai,Ankur Garde,9.18889E+11,Player attention serve forget.,17-10-2022,4:21 PM,CUST1885
1890,FB008,New York,Steve,9.18889E+11,Word everybody worry car key.,02-10-2022,8:38 AM,CUST1890
1894,FB003,Pune,Shubhangi,9.18889E+11,Issue play wife front.,15-10-2021,5:30 AM,CUST1894
1898,FB008,New York,Steve,9.18889E+11,Themselves total still enough everyone within probably.,29-01-2022,7:50 AM,CUST1898
1904,FB008,New York,Steve,9.18889E+11,Current simply official common fire attorney coach.,11-10-2022,3:49 AM,CUST1904
1906,FB001,Nagpur,Aniruddha Kalbande,9.18889E+11,Democrat popular mean next rich pass main.,22-10-2023,6:07 PM,CUST1906
1920,FB015,New York,Rachel,9.18889E+11,Job wait certain make different everything.,23-10-2023,10:46 PM,CUST1920
1939,FB008,New York,Steve,9.18889E+11,Four approach range speech why live but poor.,06-03-2024,11:13 PM,CUST1939
1947,FB001,Nagpur,Aniruddha Kalbande,9.18889E+11,Suddenly boy defense per method.,25-06-2023,6:22 AM,CUST1947
1948,FB003,Pune,Shubhangi,9.18889E+11,Foot ok character career social whatever.,04-04-2024,1:08 PM,CUST1948
1953,FB001,Nagpur,Aniruddha Kalbande,9.18889E+11,Model agent sister network tax a easy.,10-05-2024,6:45 AM,CUST1953
1954,FB015,New York,Rachel,9.18889E+11,Seat must drug answer stand music matter.,04-07-2021,6:51 PM,CUST1954
1956,FB008,New York,Steve,9.18889E+11,Nature social trouble far law.,05-03-2023,9:41 AM,CUST1956
1960,FB002,Mumbai,Ankur Garde,9.18889E+11,Program area right.,19-04-2022,6:59 PM,CUST1960
1962,FB008,New York,Steve,9.18889E+11,Follow world majority cost road color easy.,18-12-2022,9:40 AM,CUST1962
1969,FB002,Mumbai,Ankur Garde,9.18889E+11,First teacher well.,30-03-2021,4:41 PM,CUST1969
1980,FB001,Nagpur,Aniruddha Kalbande,9.18889E+11,Organization mother benefit onto law discussion.,15-12-2020,6:05 AM,CUST1980
1993,FB001,Nagpur,Aniruddha Kalbande,9.18889E+11,Girl anything vote pass theory author power.,05-09-2022,5:33 AM,CUST1993
2015,FB003,Pune,Shubhangi,9.18889E+11,After cut technology free family bring feeling.,30-01-2022,2:31 AM,CUST2015
2033,FB003,Pune,Shubhangi,9.18889E+11,Method community serve mind.,09-08-2024,1:42 PM,CUST2033
2041,FB001,Nagpur,Aniruddha Kalbande,9.18889E+11,Order book management top line bag.,07-10-2022,10:58 AM,CUST2041
2051,FB002,Mumbai,Ankur Garde,9.18889E+11,But finally seem ball.,02-08-2023,1:53 AM,CUST2051
2052,FB002,Mumbai,Ankur Garde,9.18889E+11,Approach important bill policy.,12-10-2021,6:38 AM,CUST2052
2067,FB015,New York,Rachel,9.18889E+11,Through rise stage lawyer college environmental back.,23-06-2023,1:40 AM,CUST2067
2074,FB001,Nagpur,Aniruddha Kalbande,9.18889E+11,Story mind as relate.,26-03-2021,10:50 AM,CUST2074
2086,FB008,New York,Steve,9.18889E+11,Product cold public might.,27-09-2020,3:10 PM,CUST2086
2110,FB003,Pune,Shubhangi,9.18889E+11,World unit read dinner upon PM charge particularly.,01-03-2021,2:33 PM,CUST2110
2117,FB003,Pune,Shubhangi,9.18889E+11,Sport industry present attorney long.,27-10-2023,6:24 PM,CUST2117
2119,FB003,Pune,Shubhangi,9.18889E+11,Avoid term watch prevent conference.,21-04-2023,9:36 PM,CUST2119
2125,FB002,Mumbai,Ankur Garde,9.18889E+11,Fast leg young evidence.,23-04-2021,3:13 PM,CUST2125
2127,FB008,New York,Steve,9.18889E+11,Against then about half.,17-08-2021,1:13 PM,CUST2127
2135,FB001,Nagpur,Aniruddha Kalbande,9.18889E+11,Market ground nation PM who treat generation.,03-06-2021,1:01 AM,CUST2135
2142,FB008,New York,Steve,9.18889E+11,Wall animal stay one recent majority.,07-02-2023,12:53 AM,CUST2142
2146,FB015,New York,Rachel,9.18889E+11,Laugh almost door government expert compare.,17-05-2022,6:24 PM,CUST2146
2160,FB015,New York,Rachel,9.18889E+11,Your Mr affect different democratic child.,10-11-2020,8:39 AM,CUST2160
2166,FB003,Pune,Shubhangi,9.18889E+11,Return relationship system certainly partner.,28-08-2020,9:42 PM,CUST2166
2173,FB003,Pune,Shubhangi,9.18889E+11,Play it himself.,02-11-2020,11:46 PM,CUST2173
2176,FB015,New York,Rachel,9.18889E+11,Respond rock true defense against.,16-10-2022,9:32 AM,CUST2176
2183,FB015,New York,Rachel,9.18889E+11,How decide treat commercial.,29-10-2022,3:24 AM,CUST2183
2193,FB008,New York,Steve,9.18889E+11,Better check home key.,09-03-2024,6:23 PM,CUST2193
2198,FB001,Nagpur,Aniruddha Kalbande,9.18889E+11,Enter again them everyone everything property.,23-07-2023,6:54 PM,CUST2198
2201,FB015,New York,Rachel,9.18889E+11,Film language determine sound amount star.,13-01-2024,8:47 PM,CUST2201
2205,FB002,Mumbai,Ankur Garde,9.18889E+11,Expect guess authority executive key event short.,08-10-2023,3:14 PM,CUST2205
2212,FB002,Mumbai,Ankur Garde,9.18889E+11,Together scientist job probably image suddenly hundred.,16-05-2022,9:43 PM,CUST2212
2219,FB015,New York,Rachel,9.18889E+11,Street pass tough song tax perhaps its early.,31-12-2022,4:41 PM,CUST2219
2221,FB002,Mumbai,Ankur Garde,9.18889E+11,War off book read model vote interview.,27-01-2023,7:24 PM,CUST2221
2226,FB008,New York,Steve,9.18889E+11,Accept play already base.,08-09-2023,8:52 PM,CUST2226
2232,FB008,New York,Steve,9.18889E+11,Health save common Mrs.,27-06-2024,3:23 PM,CUST2232
2240,FB003,Pune,Shubhangi,9.18889E+11,Level different go type.,12-05-2024,12:19 AM,CUST2240
2244,FB001,Nagpur,Aniruddha Kalbande,9.18889E+11,Approach today relate movie.,30-01-2022,4:57 PM,CUST2244
2251,FB003,Pune,Shubhangi,9.18889E+11,Question between own prove firm.,28-06-2021,12:19 PM,CUST2251
2252,FB008,New York,Steve,9.18889E+11,Everybody blood month white serious drop issue.,14-04-2024,9:34 AM,CUST2252
2255,FB001,Nagpur,Aniruddha Kalbande,9.18889E+11,Man spend could include.,01-10-2020,12:25 AM,CUST2255
2257,FB002,Mumbai,Ankur Garde,9.18889E+11,Trade four customer eye popular.,23-08-2023,10:31 AM,CUST2257
2262,FB003,Pune,Shubhangi,9.18889E+11,Mother happen town expect article drug.,11-10-2022,4:54 AM,CUST2262
2286,FB002,Mumbai,Ankur Garde,9.18889E+11,Improve control scene.,13-02-2021,3:03 PM,CUST2286
2288,FB003,Pune,Shubhangi,9.18889E+11,Need feel perform positive.,09-01-2021,4:58 PM,CUST2288
2292,FB015,New York,Rachel,9.18889E+11,Start spend mother fish same.,15-04-2023,6:58 PM,CUST2292
2297,FB008,New York,Steve,9.18889E+11,Service conference large career moment.,05-02-2021,9:13 AM,CUST2297
2300,FB008,New York,Steve,9.18889E+11,Once management decade the newspaper scientist student.,02-08-2023,1:42 AM,CUST2300
2301,FB003,Pune,Shubhangi,9.18889E+11,Successful about church address or perform huge woman.,29-11-2021,4:10 AM,CUST2301
2307,FB002,Mumbai,Ankur Garde,9.18889E+11,Wife where leader wear want trade.,15-06-2024,5:10 PM,CUST2307
2322,FB015,New York,Rachel,9.18889E+11,Answer human next.,21-03-2023,2:30 AM,CUST2322
2328,FB003,Pune,Shubhangi,9.18889E+11,Hope next meet forward and.,08-08-2024,4:10 AM,CUST2328
2330,FB002,Mumbai,Ankur Garde,9.18889E+11,Phone rise eight stay financial place.,24-02-2024,3:49 AM,CUST2330
2337,FB002,Mumbai,Ankur Garde,9.18889E+11,Whether she after against.,24-06-2024,1:17 PM,CUST2337
2345,FB002,Mumbai,Ankur Garde,9.18889E+11,Ahead source finish reach morning.,08-08-2022,3:53 PM,CUST2345
2351,FB008,New York,Steve,9.18889E+11,Heavy training pretty recognize.,08-09-2020,9:43 AM,CUST2351
2359,FB002,Mumbai,Ankur Garde,9.18889E+11,Hour room project anyone son.,03-08-2023,1:00 PM,CUST2359
2367,FB003,Pune,Shubhangi,9.18889E+11,Customer few specific reveal perform standard top receive.,19-07-2022,7:14 PM,CUST2367
2392,FB008,New York,Steve,9.18889E+11,Year section avoid.,02-10-2022,3:57 PM,CUST2392
2397,FB001,Nagpur,Aniruddha Kalbande,9.18889E+11,Phone seat four various leave tell.,29-03-2022,3:50 PM,CUST2397
2405,FB015,New York,Rachel,9.18889E+11,Stage remain share do if drop.,02-02-2021,4:13 AM,CUST2405
2407,FB008,New York,Steve,9.18889E+11,Level happen society.,22-03-2021,6:45 PM,CUST2407
2408,FB015,New York,Rachel,9.18889E+11,Add account body there knowledge address make.,23-01-2022,3:07 AM,CUST2408
2427,FB003,Pune,Shubhangi,9.18889E+11,Others fear second machine.,26-11-2023,1:57 AM,CUST2427
2429,FB003,Pune,Shubhangi,9.18889E+11,Experience she bed cold argue response computer.,18-04-2022,6:21 AM,CUST2429
2442,FB002,Mumbai,Ankur Garde,9.18889E+11,Tonight hospital rest.,15-02-2024,1:07 PM,CUST2442
2465,FB008,New York,Steve,9.18889E+11,When sea throughout of natural become try.,08-06-2023,2:32 AM,CUST2465
2472,FB003,Pune,Shubhangi,9.18889E+11,Certainly be summer sort those research gas.,02-05-2024,8:45 AM,CUST2472
2473,FB002,Mumbai,Ankur Garde,9.18889E+11,Class visit big how upon.,01-10-2022,7:14 PM,CUST2473
2475,FB001,Nagpur,Aniruddha Kalbande,9.18889E+11,Identify contain until along human.,14-02-2024,10:25 AM,CUST2475
2481,FB003,Pune,Shubhangi,9.18889E+11,Although trade speech.,10-12-2021,10:20 AM,CUST2481
2497,FB002,Mumbai,Ankur Garde,9.18889E+11,Interesting strong still phone others feel same.,18-04-2021,11:04 PM,CUST2497
2510,FB008,New York,Steve,9.18889E+11,Describe star trip Democrat result.,28-03-2021,5:11 AM,CUST2510
2514,FB015,New York,Rachel,9.18889E+11,Challenge the series also decade.,21-06-2021,6:03 PM,CUST2514
2518,FB015,New York,Rachel,9.18889E+11,Instead get throughout water reduce meeting enjoy.,01-10-2023,9:24 PM,CUST2518
2526,FB002,Mumbai,Ankur Garde,9.18889E+11,Hospital over role property color.,02-08-2021,4:21 PM,CUST2526
2530,FB002,Mumbai,Ankur Garde,9.18889E+11,Debate provide population fear.,19-04-2024,3:54 PM,CUST2530
2540,FB003,Pune,Shubhangi,9.18889E+11,Professional rather dinner year.,07-10-2022,11:59 AM,CUST2540
2547,FB002,Mumbai,Ankur Garde,9.18889E+11,Choice without this message work generation yard.,13-03-2023,11:59 AM,CUST2547
2565,FB015,New York,Rachel,9.18889E+11,Own administration go detail personal among foot.,07-11-2021,5:28 PM,CUST2565
2566,FB015,New York,Rachel,9.18889E+11,Mouth trade suddenly.,12-11-2021,12:36 AM,CUST2566
2569,FB003,Pune,Shubhangi,9.18889E+11,Theory write administration boy ok.,11-06-2022,4:13 AM,CUST2569
2576,FB015,New York,Rachel,9.18889E+11,Data you hard wide first.,22-11-2023,2:23 AM,CUST2576
2584,FB003,Pune,Shubhangi,9.18889E+11,Benefit left maybe matter.,06-06-2021,4:05 AM,CUST2584
2593,FB008,New York,Steve,9.18889E+11,Sister cost easy industry daughter.,14-10-2023,7:33 PM,CUST2593
2597,FB002,Mumbai,Ankur Garde,9.18889E+11,Apply small us every fact to these.,23-08-2022,1:50 AM,CUST2597
2601,FB001,Nagpur,Aniruddha Kalbande,9.18889E+11,See say under fly condition him film.,30-08-2020,4:26 AM,CUST2601
2615,FB008,New York,Steve,9.18889E+11,Weight north as or high.,11-08-2024,1:22 AM,CUST2615
2626,FB001,Nagpur,Aniruddha Kalbande,9.18889E+11,Want respond dinner leader.,16-03-2022,8:20 PM,CUST2626
2632,FB001,Nagpur,Aniruddha Kalbande,9.18889E+11,Against shoulder kitchen deal.,01-06-2024,7:03 AM,CUST2632
2637,FB002,Mumbai,Ankur Garde,9.18889E+11,Ground someone help of consider very back sense.,12-06-2023,9:03 AM,CUST2637
2639,FB001,Nagpur,Aniruddha Kalbande,9.18889E+11,Friend south cost see.,29-08-2020,1:52 AM,CUST2639
2642,FB001,Nagpur,Aniruddha Kalbande,9.18889E+11,Indicate alone baby project move population put goal.,24-11-2020,5:46 AM,CUST2642
2646,FB002,Mumbai,Ankur Garde,9.18889E+11,Sell model notice.,12-10-2023,2:15 PM,CUST2646
2648,FB001,Nagpur,Aniruddha Kalbande,9.18889E+11,All project serve raise.,15-02-2021,10:30 AM,CUST2648
2664,FB003,Pune,Shubhangi,9.18889E+11,Relationship mother perform pass interview wall.,24-01-2021,11:36 PM,CUST2664
2675,FB008,New York,Steve,9.18889E+11,Value western per.,08-02-2022,8:40 PM,CUST2675
2677,FB002,Mumbai,Ankur Garde,9.18889E+11,Order respond herself actually.,22-04-2023,8:24 AM,CUST2677
2683,FB015,New York,Rachel,9.18889E+11,Style himself point reason according statement.,04-03-2024,12:44 AM,CUST2683
2684,FB015,New York,Rachel,9.18889E+11,Forget add market record relationship where.,08-02-2023,12:28 PM,CUST2684
2691,FB001,Nagpur,Aniruddha Kalbande,9.18889E+11,Whether plant doctor during chance final.,22-10-2020,8:04 PM,CUST2691
2695,FB002,Mumbai,Ankur Garde,9.18889E+11,Another guess individual deep.,13-01-2024,6:18 PM,CUST2695
2699,FB001,Nagpur,Aniruddha Kalbande,9.18889E+11,Much fill statement executive.,18-05-2024,9:42 AM,CUST2699
2700,FB001,Nagpur,Aniruddha Kalbande,9.18889E+11,Put claim material community soldier career street.,06-06-2024,10:26 PM,CUST2700
2713,FB003,Pune,Shubhangi,9.18889E+11,Figure according event than sound important bag.,28-08-2022,2:58 AM,CUST2713
2716,FB008,New York,Steve,9.18889E+11,Easy own great once.,03-03-2024,8:09 PM,CUST2716
2719,FB001,Nagpur,Aniruddha Kalbande,9.18889E+11,Over street where than miss discover.,09-05-2021,5:09 AM,CUST2719
2720,FB003,Pune,Shubhangi,9.18889E+11,Course drive through smile attack notice chair.,01-10-2021,2:27 AM,CUST2720
2733,FB015,New York,Rachel,9.18889E+11,Answer generation mention only garden opportunity west.,23-09-2023,6:08 PM,CUST2733
2743,FB003,Pune,Shubhangi,9.18889E+11,Lose stop instead cut other lay even.,18-03-2024,8:47 PM,CUST2743
2745,FB015,New York,Rachel,9.18889E+11,Push listen once hard staff talk although should.,09-10-2023,10:48 PM,CUST2745
2754,FB001,Nagpur,Aniruddha Kalbande,9.18889E+11,Senior order food charge data security.,19-03-2024,5:55 PM,CUST2754
2759,FB001,Nagpur,Aniruddha Kalbande,9.18889E+11,Air experience woman dinner rest image.,06-06-2021,9:53 AM,CUST2759
2765,FB008,New York,Steve,9.18889E+11,Fall toward role player loss against if.,18-05-2022,3:00 AM,CUST2765
2767,FB015,New York,Rachel,9.18889E+11,Spend next each weight issue reflect.,14-01-2024,1:08 AM,CUST2767
2775,FB008,New York,Steve,9.18889E+11,Who ahead clearly build range fund during.,11-12-2020,10:59 AM,CUST2775
2780,FB003,Pune,Shubhangi,9.18889E+11,Camera hospital something a believe reduce list.,16-10-2020,4:59 AM,CUST2780
2798,FB008,New York,Steve,9.18889E+11,Catch a feeling chance own.,02-08-2024,6:38 AM,CUST2798
2800,FB015,New York,Rachel,9.18889E+11,Indicate major fly actually.,12-04-2022,3:43 PM,CUST2800
2805,FB002,Mumbai,Ankur Garde,9.18889E+11,Lay role single.,23-09-2020,5:54 AM,CUST2805
2809,FB008,New York,Steve,9.18889E+11,Old not yeah ever high until not seek.,19-08-2022,1:42 AM,CUST2809
2812,FB002,Mumbai,Ankur Garde,9.18889E+11,Play fight draw chair century easy.,17-04-2021,11:03 AM,CUST2812
2818,FB015,New York,Rachel,9.18889E+11,Throughout reflect issue usually treat.,03-12-2020,6:47 PM,CUST2818
2823,FB002,Mumbai,Ankur Garde,9.18889E+11,In red year doctor others group.,25-12-2022,4:55 AM,CUST2823
2826,FB008,New York,Steve,9.18889E+11,Resource measure peace military this.,01-01-2024,3:34 PM,CUST2826
2842,FB008,New York,Steve,9.18889E+11,Send leave above pay development body.,22-08-2022,6:26 AM,CUST2842
2854,FB015,New York,Rachel,9.18889E+11,City white thousand general.,21-07-2021,5:26 AM,CUST2854
2861,FB008,New York,Steve,9.18889E+11,Service charge forward somebody item.,13-09-2023,2:32 PM,CUST2861
2870,FB015,New York,Rachel,9.18889E+11,Car suggest test good blood simple very.,15-02-2022,11:35 PM,CUST2870
2887,FB001,Nagpur,Aniruddha Kalbande,9.18889E+11,Reality carry imagine over deal simply.,27-08-2020,1:33 PM,CUST2887
2945,FB008,New York,Steve,9.18889E+11,Film any go break.,05-05-2024,6:52 PM,CUST2945
2963,FB003,Pune,Shubhangi,9.18889E+11,Apply general build a fly right scientist.,27-11-2023,2:08 AM,CUST2963
3014,FB003,Pune,Shubhangi,9.18889E+11,Trip item wear evidence movie.,22-12-2022,4:03 PM,CUST3014
3026,FB001,Nagpur,Aniruddha Kalbande,9.18889E+11,Be agreement must blood long.,26-08-2021,5:42 PM,CUST3026
3029,FB001,Nagpur,Aniruddha Kalbande,9.18889E+11,Mr man tree program else back main.,12-10-2021,7:39 AM,CUST3029
3035,FB003,Pune,Shubhangi,9.18889E+11,Until try training exactly focus.,13-12-2020,5:58 AM,CUST3035
3044,FB002,Mumbai,Ankur Garde,9.18889E+11,Customer world enough probably pass yet item personal.,21-07-2024,2:59 AM,CUST3044
3049,FB008,New York,Steve,9.18889E+11,Stage challenge boy.,13-01-2023,7:17 PM,CUST3049
3070,FB015,New York,Rachel,9.18889E+11,Figure difference thought our behind.,18-04-2023,4:17 AM,CUST3070
3077,FB008,New York,Steve,9.18889E+11,Tell style truth person.,28-11-2022,6:38 AM,CUST3077
3082,FB001,Nagpur,Aniruddha Kalbande,9.18889E+11,Budget image organization wind safe drop rather.,27-12-2022,2:59 AM,CUST3082
3087,FB015,New York,Rachel,9.18889E+11,Clear generation behavior federal everyone.,29-12-2022,9:50 PM,CUST3087
3105,FB008,New York,Steve,9.18889E+11,Right business tend main main.,02-10-2020,11:34 AM,CUST3105
3117,FB008,New York,Steve,9.18889E+11,Open your positive claim.,14-08-2023,10:58 AM,CUST3117
3139,FB001,Nagpur,Aniruddha Kalbande,9.18889E+11,Employee foreign sport south responsibility natural kind notice.,04-01-2024,4:32 AM,CUST3139
3167,FB008,New York,Steve,9.18889E+11,Available animal find then still work move.,13-09-2021,1:28 AM,CUST3167
3171,FB001,Nagpur,Aniruddha Kalbande,9.18889E+11,Particular opportunity pull out thousand.,27-06-2024,4:29 AM,CUST3171
3177,FB003,Pune,Shubhangi,9.18889E+11,When science result low.,10-09-2021,10:40 PM,CUST3177
3180,FB015,New York,Rachel,9.18889E+11,Same government turn nearly serve animal.,08-11-2021,12:16 AM,CUST3180
3209,FB002,Mumbai,Ankur Garde,9.18889E+11,Consider improve heart out.,04-07-2021,4:07 PM,CUST3209
3234,FB002,Mumbai,Ankur Garde,9.18889E+11,Travel arrive adult American it discuss everyone.,25-07-2021,8:27 AM,CUST3234
3235,FB001,Nagpur,Aniruddha Kalbande,9.18889E+11,None whom oil couple whatever guy mission.,17-03-2023,3:15 AM,CUST3235
3261,FB003,Pune,Shubhangi,9.18889E+11,Tree until action probably ground here.,18-12-2022,3:39 AM,CUST3261
3268,FB003,Pune,Shubhangi,9.18889E+11,Note though form expert candidate.,25-05-2023,1:43 AM,CUST3268
3270,FB003,Pune,Shubhangi,9.18889E+11,Always himself conference process.,27-09-2020,12:20 AM,CUST3270
3282,FB015,New York,Rachel,9.18889E+11,Those single assume large responsibility.,02-03-2024,1:30 AM,CUST3282
3284,FB015,New York,Rachel,9.18889E+11,Approach work no concern.,28-11-2021,4:46 PM,CUST3284
3287,FB001,Nagpur,Aniruddha Kalbande,9.18889E+11,Shake fear very three rule respond wife.,19-05-2024,6:11 AM,CUST3287
3290,FB008,New York,Steve,9.18889E+11,Among quickly clear similar war.,24-09-2023,12:07 PM,CUST3290
3319,FB008,New York,Steve,9.18889E+11,Hundred Republican close level training front.,15-12-2022,12:16 PM,CUST3319
3326,FB015,New York,Rachel,9.18889E+11,Land present contain then determine easy mother its.,22-02-2022,7:35 PM,CUST3326
3327,FB002,Mumbai,Ankur Garde,9.18889E+11,Both few draw treatment.,30-05-2022,7:29 PM,CUST3327
3333,FB003,Pune,Shubhangi,9.18889E+11,But though read position eat suddenly economic.,16-07-2021,4:12 AM,CUST3333
3347,FB002,Mumbai,Ankur Garde,9.18889E+11,Father yet young west customer president avoid herself.,14-04-2022,10:17 PM,CUST3347
3362,FB015,New York,Rachel,9.18889E+11,Black opportunity American main race night view.,27-11-2023,11:26 PM,CUST3362
3370,FB008,New York,Steve,9.18889E+11,Recently threat form should just financial me.,05-12-2020,7:38 AM,CUST3370
3372,FB015,New York,Rachel,9.18889E+11,Artist board difference heavy interview bank contain.,01-02-2022,3:22 PM,CUST3372
3377,FB008,New York,Steve,9.18889E+11,Town instead city affect business suddenly according step.,18-11-2023,4:00 AM,CUST3377
3380,FB008,New York,Steve,9.18889E+11,Better traditional hit become daughter.,27-03-2021,12:04 PM,CUST3380
3385,FB001,Nagpur,Aniruddha Kalbande,9.18889E+11,Entire news voice.,23-04-2024,12:12 PM,CUST3385
3394,FB001,Nagpur,Aniruddha Kalbande,9.18889E+11,Ok society boy.,04-02-2021,9:40 AM,CUST3394
3399,FB008,New York,Steve,9.18889E+11,More person suffer ground arrive off.,26-10-2021,2:51 AM,CUST3399
3400,FB002,Mumbai,Ankur Garde,9.18889E+11,One international politics.,28-10-2021,3:27 PM,CUST3400
3403,FB008,New York,Steve,9.18889E+11,Firm student indeed medical college.,11-09-2020,9:17 AM,CUST3403
3413,FB003,Pune,Shubhangi,9.18889E+11,Soldier agree successful society center remain country.,27-01-2022,8:15 AM,CUST3413
3419,FB008,New York,Steve,9.18889E+11,Back alone young south structure.,11-08-2024,3:01 AM,CUST3419
3424,FB015,New York,Rachel,9.18889E+11,Mrs specific bag material appear measure.,10-05-2021,12:45 PM,CUST3424
3426,FB015,New York,Rachel,9.18889E+11,Available left mind through.,11-03-2021,4:13 PM,CUST3426
3465,FB008,New York,Steve,9.18889E+11,Media report subject firm eight.,02-04-2022,9:11 PM,CUST3465
3468,FB001,Nagpur,Aniruddha Kalbande,9.18889E+11,Recently kitchen life including choose reason.,06-06-2024,12:36 AM,CUST3468
3478,FB002,Mumbai,Ankur Garde,9.18889E+11,Third financial house community.,20-05-2021,10:27 PM,CUST3478
3487,FB003,Pune,Shubhangi,9.18889E+11,Perform cold control generation.,20-01-2021,3:44 AM,CUST3487
3488,FB001,Nagpur,Aniruddha Kalbande,9.18889E+11,Agreement film break teacher already exist against.,18-08-2024,9:38 PM,CUST3488
3492,FB008,New York,Steve,9.18889E+11,Central every cut course occur push spring.,04-09-2020,2:18 AM,CUST3492
3506,FB003,Pune,Shubhangi,9.18889E+11,Foreign another cut option cold talk.,21-02-2024,3:27 PM,CUST3506
3509,FB015,New York,Rachel,9.18889E+11,Enough suffer sit great.,25-09-2020,3:23 PM,CUST3509
3520,FB003,Pune,Shubhangi,9.18889E+11,Store social whether they chance.,17-05-2023,6:09 PM,CUST3520
3524,FB003,Pune,Shubhangi,9.18889E+11,Public dog explain sport sense nor.,06-07-2024,5:26 PM,CUST3524
3531,FB002,Mumbai,Ankur Garde,9.18889E+11,Have order front bad often last energy.,21-11-2021,5:03 PM,CUST3531
3532,FB002,Mumbai,Ankur Garde,9.18889E+11,Later finally prove kitchen put.,11-05-2022,11:32 PM,CUST3532
3535,FB008,New York,Steve,9.18889E+11,Many full see forward.,29-07-2023,9:53 PM,CUST3535
3539,FB015,New York,Rachel,9.18889E+11,Free move good start image.,03-12-2021,3:14 PM,CUST3539
3541,FB015,New York,Rachel,9.18889E+11,Really sometimes husband soldier onto where represent.,19-01-2022,9:09 AM,CUST3541
3543,FB003,Pune,Shubhangi,9.18889E+11,Practice serve body walk onto.,03-02-2023,1:17 PM,CUST3543
3547,FB001,Nagpur,Aniruddha Kalbande,9.18889E+11,Hotel eye hot event.,02-11-2023,2:05 PM,CUST3547
3548,FB002,Mumbai,Ankur Garde,9.18889E+11,At leg kind produce.,23-04-2022,2:05 AM,CUST3548
3557,FB015,New York,Rachel,9.18889E+11,Opportunity black business accept.,24-09-2021,9:55 PM,CUST3557
3560,FB008,New York,Steve,9.18889E+11,Early treat good decade least middle.,20-10-2021,1:09 AM,CUST3560
3576,FB001,Nagpur,Aniruddha Kalbande,9.18889E+11,Buy yeah even task.,14-01-2021,1:52 PM,CUST3576
3585,FB001,Nagpur,Aniruddha Kalbande,9.18889E+11,Where will together like finish.,25-11-2021,4:07 AM,CUST3585
3586,FB015,New York,Rachel,9.18889E+11,Language writer free operation know beautiful lawyer perform.,24-06-2021,5:41 PM,CUST3586
3588,FB008,New York,Steve,9.18889E+11,Risk black cup around realize although capital political.,21-10-2020,5:20 AM,CUST3588
3589,FB015,New York,Rachel,9.18889E+11,Color range point yourself certain nearly ask certain.,28-02-2024,1:15 PM,CUST3589
3590,FB015,New York,Rachel,9.18889E+11,World movie campaign course sort front change.,26-09-2022,6:08 PM,CUST3590
3599,FB001,Nagpur,Aniruddha Kalbande,9.18889E+11,Always operation top involve treatment American entire.,18-06-2023,4:13 AM,CUST3599
3600,FB003,Pune,Shubhangi,9.18889E+11,Southern line traditional.,07-11-2020,3:36 AM,CUST3600
3602,FB008,New York,Steve,9.18889E+11,World heart modern take hair thing.,23-06-2024,6:27 PM,CUST3602
3610,FB015,New York,Rachel,9.18889E+11,War official where film.,02-09-2022,10:47 PM,CUST3610
3614,FB002,Mumbai,Ankur Garde,9.18889E+11,Economic food suggest thing garden manager you.,28-03-2022,1:09 PM,CUST3614
3618,FB001,Nagpur,Aniruddha Kalbande,9.18889E+11,Civil daughter generation form.,25-01-2021,11:00 PM,CUST3618
3632,FB008,New York,Steve,9.18889E+11,Although maintain a political free national five product.,04-11-2023,3:41 AM,CUST3632
3634,FB001,Nagpur,Aniruddha Kalbande,9.18889E+11,Fight head field special administration.,29-07-2024,1:44 PM,CUST3634
3641,FB003,Pune,Shubhangi,9.18889E+11,Seat community newspaper teach laugh.,16-06-2021,1:50 PM,CUST3641
3643,FB003,Pune,Shubhangi,9.18889E+11,Difficult method space action different pattern morning.,19-08-2022,1:46 AM,CUST3643
3645,FB001,Nagpur,Aniruddha Kalbande,9.18889E+11,Just rest generation arm.,24-09-2020,12:08 PM,CUST3645
3656,FB002,Mumbai,Ankur Garde,9.18889E+11,Officer deep floor owner successful treat student.,16-06-2021,10:58 AM,CUST3656
3663,FB015,New York,Rachel,9.18889E+11,Result reflect fire.,05-05-2021,11:59 PM,CUST3663
3665,FB003,Pune,Shubhangi,9.18889E+11,Sing article head reach.,18-11-2022,7:30 PM,CUST3665
3668,FB008,New York,Steve,9.18889E+11,Collection surface few entire month realize both.,30-08-2022,11:23 AM,CUST3668
3671,FB002,Mumbai,Ankur Garde,9.18889E+11,Throw program game cover.,20-01-2024,7:13 PM,CUST3671
3672,FB002,Mumbai,Ankur Garde,9.18889E+11,Live eight property fund.,06-02-2021,10:03 AM,CUST3672
3678,FB001,Nagpur,Aniruddha Kalbande,9.18889E+11,Oil doctor identify note federal.,07-02-2024,7:17 AM,CUST3678
3686,FB008,New York,Steve,9.18889E+11,Into science service vote.,04-01-2024,4:54 AM,CUST3686
3691,FB002,Mumbai,Ankur Garde,9.18889E+11,Forward pull ground blue series lay.,15-01-2022,1:50 AM,CUST3691
3700,FB003,Pune,Shubhangi,9.18889E+11,Song performance method increase campaign conference she head.,02-06-2024,6:05 PM,CUST3700
3706,FB002,Mumbai,Ankur Garde,9.18889E+11,Provide father cover civil single.,28-04-2021,8:08 AM,CUST3706
3707,FB002,Mumbai,Ankur Garde,9.18889E+11,Among stuff they who manager wide board.,10-08-2022,12:06 PM,CUST3707
3740,FB001,Nagpur,Aniruddha Kalbande,9.18889E+11,Artist control traditional certainly campaign state guess drive.,02-12-2023,11:01 AM,CUST3740
3743,FB001,Nagpur,Aniruddha Kalbande,9.18889E+11,Past fear pay believe cup stock.,25-08-2021,11:28 AM,CUST3743
3746,FB002,Mumbai,Ankur Garde,9.18889E+11,Young nice third before author my.,18-06-2021,11:03 AM,CUST3746
3765,FB015,New York,Rachel,9.18889E+11,Capital attack leg hand.,03-12-2022,8:34 AM,CUST3765
3770,FB002,Mumbai,Ankur Garde,9.18889E+11,But meet develop.,28-03-2021,12:48 PM,CUST3770
3776,FB015,New York,Rachel,9.18889E+11,Concern really follow take far box.,31-05-2021,12:10 AM,CUST3776
3780,FB002,Mumbai,Ankur Garde,9.18889E+11,Fight together day on option.,04-09-2020,9:37 AM,CUST3780
3801,FB001,Nagpur,Aniruddha Kalbande,9.18889E+11,Public remember more lose safe.,06-08-2024,9:40 AM,CUST3801
3803,FB002,Mumbai,Ankur Garde,9.18889E+11,Office then sea view real simple how.,09-03-2022,2:26 AM,CUST3803
3805,FB002,Mumbai,Ankur Garde,9.18889E+11,Glass personal beat have under even.,15-03-2021,7:25 PM,CUST3805
3817,FB002,Mumbai,Ankur Garde,9.18889E+11,General father pull face drop industry training.,03-07-2023,1:45 PM,CUST3817
3858,FB002,Mumbai,Ankur Garde,9.18889E+11,Himself serve federal before.,14-07-2024,4:57 PM,CUST3858
3866,FB008,New York,Steve,9.18889E+11,Suggest door message must.,29-04-2024,8:35 AM,CUST3866
3876,FB015,New York,Rachel,9.18889E+11,Set religious on.,14-04-2023,2:49 PM,CUST3876
3878,FB003,Pune,Shubhangi,9.18889E+11,Air store effort still ever less.,13-05-2021,4:04 PM,CUST3878
3886,FB015,New York,Rachel,9.18889E+11,Impact in brother almost mind deep majority seek.,22-03-2022,2:36 PM,CUST3886
3903,FB001,Nagpur,Aniruddha Kalbande,9.18889E+11,It commercial successful level drug really citizen.,15-10-2020,7:54 PM,CUST3903
3904,FB008,New York,Steve,9.18889E+11,Tree PM piece military ago.,05-08-2022,5:49 AM,CUST3904
3905,FB015,New York,Rachel,9.18889E+11,Data when daughter current travel.,14-05-2021,6:32 PM,CUST3905
3918,FB001,Nagpur,Aniruddha Kalbande,9.18889E+11,Carry technology perform beautiful.,18-07-2021,1:15 AM,CUST3918
3925,FB015,New York,Rachel,9.18889E+11,Matter red range together entire energy music.,14-03-2024,5:09 AM,CUST3925
3929,FB002,Mumbai,Ankur Garde,9.18889E+11,Either risk tend since.,17-12-2021,1:24 AM,CUST3929
3953,FB015,New York,Rachel,9.18889E+11,Explain adult some tree car.,23-01-2023,3:40 PM,CUST3953
3960,FB002,Mumbai,Ankur Garde,9.18889E+11,Life often church like institution large outside.,29-06-2023,11:00 PM,CUST3960
3969,FB003,Pune,Shubhangi,9.18889E+11,Fear night really professor these answer authority special.,27-08-2022,11:55 AM,CUST3969
3972,FB001,Nagpur,Aniruddha Kalbande,9.18889E+11,Cost old treatment need.,11-08-2024,3:40 PM,CUST3972
3980,FB003,Pune,Shubhangi,9.18889E+11,Hot individual single small natural morning.,12-09-2021,7:57 AM,CUST3980
3993,FB008,New York,Steve,9.18889E+11,Ball standard point party.,26-10-2023,5:07 PM,CUST3993
3998,FB001,Nagpur,Aniruddha Kalbande,9.18889E+11,Impact as young central on.,20-05-2021,10:43 PM,CUST3998
4000,FB008,New York,Steve,9.18889E+11,Firm require common month great born charge try.,18-01-2022,6:43 AM,CUST4000
4004,FB008,New York,Steve,9.18889E+11,Those population wonder speech three memory region.,18-11-2022,10:24 AM,CUST4004
4013,FB003,Pune,Shubhangi,9.18889E+11,Lay it degree what walk.,18-07-2024,10:12 PM,CUST4013
4014,FB015,New York,Rachel,9.18889E+11,Sometimes agency necessary out education.,21-02-2023,7:59 AM,CUST4014
4020,FB015,New York,Rachel,9.18889E+11,Be action sea again option call herself.,03-09-2022,8:59 AM,CUST4020
4035,FB002,Mumbai,Ankur Garde,9.18889E+11,Evidence into him as different against.,08-07-2022,3:15 AM,CUST4035
4036,FB001,Nagpur,Aniruddha Kalbande,9.18889E+11,Church current water issue create.,24-02-2023,6:41 AM,CUST4036
4041,FB002,Mumbai,Ankur Garde,9.18889E+11,Leader decide dark also.,27-05-2021,2:39 PM,CUST4041
4042,FB003,Pune,Shubhangi,9.18889E+11,Sort turn buy will manage.,09-12-2021,11:50 AM,CUST4042
4048,FB002,Mumbai,Ankur Garde,9.18889E+11,Before hospital Republican.,22-01-2023,7:34 PM,CUST4048
4049,FB015,New York,Rachel,9.18889E+11,Individual house oil.,10-04-2021,11:47 AM,CUST4049
4050,FB008,New York,Steve,9.18889E+11,West smile door late far cut husband.,20-11-2023,12:31 AM,CUST4050
4057,FB003,Pune,Shubhangi,9.18889E+11,Rise eight parent their trouble.,20-12-2022,8:23 PM,CUST4057
4064,FB002,Mumbai,Ankur Garde,9.18889E+11,Street hospital practice full audience wait fast care.,13-07-2023,1:50 AM,CUST4064
4065,FB001,Nagpur,Aniruddha Kalbande,9.18889E+11,Crime perform newspaper decision family.,16-11-2021,2:32 AM,CUST4065
4071,FB001,Nagpur,Aniruddha Kalbande,9.18889E+11,Long last serious relate.,10-04-2024,1:07 AM,CUST4071
4083,FB001,Nagpur,Aniruddha Kalbande,9.18889E+11,Never research majority.,04-09-2022,8:49 PM,CUST4083
4085,FB015,New York,Rachel,9.18889E+11,Station hundred remain room affect site want important.,02-12-2022,10:44 AM,CUST4085
4088,FB003,Pune,Shubhangi,9.18889E+11,Ball right little course tend.,07-11-2021,2:30 PM,CUST4088
4089,FB003,Pune,Shubhangi,9.18889E+11,If hard conference happen.,01-03-2023,4:40 AM,CUST4089
4095,FB002,Mumbai,Ankur Garde,9.18889E+11,Close performance exist behavior thing media western.,10-11-2020,9:11 AM,CUST4095
4098,FB001,Nagpur,Aniruddha Kalbande,9.18889E+11,Either former point maintain necessary.,07-10-2020,11:11 PM,CUST4098
4108,FB008,New York,Steve,9.18889E+11,Well ball page senior but year off.,20-06-2021,2:04 PM,CUST4108
4115,FB008,New York,Steve,9.18889E+11,A his plant much.,11-10-2020,5:55 AM,CUST4115
4126,FB015,New York,Rachel,9.18889E+11,Herself rather second.,24-08-2020,9:20 AM,CUST4126
4133,FB003,Pune,Shubhangi,9.18889E+11,Million across myself half pass fish relate.,09-11-2022,3:22 AM,CUST4133
4138,FB002,Mumbai,Ankur Garde,9.18889E+11,Represent author doctor fine form American watch.,05-02-2021,12:50 AM,CUST4138
4143,FB003,Pune,Shubhangi,9.18889E+11,Protect Mr compare.,25-11-2021,4:40 AM,CUST4143
4144,FB008,New York,Steve,9.18889E+11,Seek physical necessary radio ground.,18-07-2024,4:40 AM,CUST4144
4148,FB001,Nagpur,Aniruddha Kalbande,9.18889E+11,Current group throughout pass interview.,09-11-2022,12:17 PM,CUST4148
4150,FB001,Nagpur,Aniruddha Kalbande,9.18889E+11,Because he finally oil piece site would east.,16-12-2023,1:58 PM,CUST4150
4170,FB002,Mumbai,Ankur Garde,9.18889E+11,School again thousand reach party senior company.,19-07-2021,7:21 PM,CUST4170
4171,FB008,New York,Steve,9.18889E+11,Attorney worry tend coach beautiful enjoy social.,05-02-2021,8:57 PM,CUST4171
4175,FB002,Mumbai,Ankur Garde,9.18889E+11,Spring interesting four put certainly.,21-12-2022,2:48 PM,CUST4175
4200,FB008,New York,Steve,9.18889E+11,Computer alone already candidate hour power newspaper.,05-09-2020,11:14 AM,CUST4200
4202,FB015,New York,Rachel,9.18889E+11,Poor nearly price heart itself third six threat.,08-02-2023,9:13 PM,CUST4202
4207,FB002,Mumbai,Ankur Garde,9.18889E+11,Image shake team.,23-05-2023,3:21 AM,CUST4207
4210,FB001,Nagpur,Aniruddha Kalbande,9.18889E+11,Sort fire important song.,18-10-2022,3:26 PM,CUST4210
4214,FB001,Nagpur,Aniruddha Kalbande,9.18889E+11,Even beyond few star watch image.,18-08-2023,9:11 AM,CUST4214
4220,FB002,Mumbai,Ankur Garde,9.18889E+11,End age good reason.,21-02-2023,9:50 AM,CUST4220
4224,FB001,Nagpur,Aniruddha Kalbande,9.18889E+11,Century hour current director situation long.,11-06-2024,8:33 AM,CUST4224
4228,FB008,New York,Steve,9.18889E+11,Party too need natural.,18-04-2024,8:16 AM,CUST4228
4233,FB002,Mumbai,Ankur Garde,9.18889E+11,Main be carry there support bar.,16-10-2020,7:17 AM,CUST4233
4251,FB001,Nagpur,Aniruddha Kalbande,9.18889E+11,Movement share body because prevent.,27-01-2021,5:36 PM,CUST4251
4258,FB002,Mumbai,Ankur Garde,9.18889E+11,Put rule admit challenge hear age.,05-11-2021,7:00 PM,CUST4258
4263,FB015,New York,Rachel,9.18889E+11,Entire range morning grow treat here find.,11-06-2021,4:42 AM,CUST4263
4282,FB008,New York,Steve,9.18889E+11,It his structure source bed move present.,24-08-2020,2:12 AM,CUST4282
4290,FB002,Mumbai,Ankur Garde,9.18889E+11,Phone when within member experience same economy.,29-08-2022,5:28 AM,CUST4290
4295,FB008,New York,Steve,9.18889E+11,Meet house data present we language.,12-04-2022,8:38 PM,CUST4295
4307,FB001,Nagpur,Aniruddha Kalbande,9.18889E+11,I ability professional list bar Republican team.,08-08-2021,5:38 PM,CUST4307
4309,FB008,New York,Steve,9.18889E+11,Teacher become personal ok stock.,17-09-2023,4:56 PM,CUST4309
4311,FB002,Mumbai,Ankur Garde,9.18889E+11,Film throughout involve on kitchen at traditional.,09-07-2023,11:21 AM,CUST4311
4316,FB015,New York,Rachel,9.18889E+11,Trade better exist deep but letter design fact.,22-10-2023,9:36 AM,CUST4316
4319,FB008,New York,Steve,9.18889E+11,When computer agent draw.,08-09-2020,8:35 PM,CUST4319
4321,FB003,Pune,Shubhangi,9.18889E+11,Half author both everyone he series.,24-02-2024,6:42 AM,CUST4321
4324,FB002,Mumbai,Ankur Garde,9.18889E+11,Relate indicate board thought begin.,26-06-2023,3:41 AM,CUST4324
4330,FB002,Mumbai,Ankur Garde,9.18889E+11,Public article tell church guy bag.,04-11-2022,11:26 AM,CUST4330
4339,FB015,New York,Rachel,9.18889E+11,Former successful how himself.,26-10-2020,1:46 AM,CUST4339
4346,FB008,New York,Steve,9.18889E+11,Stage why his.,18-03-2021,8:00 PM,CUST4346
4352,FB003,Pune,Shubhangi,9.18889E+11,Power southern official product parent lay herself.,26-06-2024,6:05 AM,CUST4352
4361,FB001,Nagpur,Aniruddha Kalbande,9.18889E+11,Evidence end site goal full must mean.,25-09-2020,3:38 PM,CUST4361
4374,FB001,Nagpur,Aniruddha Kalbande,9.18889E+11,Despite thousand kid white.,09-09-2022,4:58 AM,CUST4374
4379,FB002,Mumbai,Ankur Garde,9.18889E+11,Program behind range.,26-02-2022,3:55 AM,CUST4379
4387,FB002,Mumbai,Ankur Garde,9.18889E+11,When you find tax beat factor century.,28-12-2022,4:32 AM,CUST4387
4388,FB002,Mumbai,Ankur Garde,9.18889E+11,Make cut others mind wide while mother.,13-02-2022,9:40 PM,CUST4388
4398,FB015,New York,Rachel,9.18889E+11,During light safe be deal want road.,13-01-2021,7:16 PM,CUST4398
4401,FB003,Pune,Shubhangi,9.18889E+11,We everything yourself direction again than.,13-09-2020,8:31 PM,CUST4401
4415,FB015,New York,Rachel,9.18889E+11,Her let would.,19-09-2022,8:45 PM,CUST4415
4429,FB002,Mumbai,Ankur Garde,9.18889E+11,Successful chair course glass.,28-01-2024,8:33 AM,CUST4429
4436,FB001,Nagpur,Aniruddha Kalbande,9.18889E+11,Seven fall always image.,10-07-2023,8:32 AM,CUST4436
4439,FB015,New York,Rachel,9.18889E+11,Former leave economy include house.,23-08-2021,11:36 AM,CUST4439
4443,FB002,Mumbai,Ankur Garde,9.18889E+11,Cut almost read over deal could.,19-11-2023,2:12 PM,CUST4443
4446,FB001,Nagpur,Aniruddha Kalbande,9.18889E+11,Ten another affect make we.,18-06-2023,5:59 AM,CUST4446
4447,FB003,Pune,Shubhangi,9.18889E+11,Lay look material newspaper design wait however evening.,02-09-2023,11:18 PM,CUST4447
4448,FB008,New York,Steve,9.18889E+11,Piece head land which also imagine while.,03-02-2024,1:20 PM,CUST4448
4458,FB008,New York,Steve,9.18889E+11,Detail early unit likely into.,29-01-2023,10:00 PM,CUST4458
4461,FB001,Nagpur,Aniruddha Kalbande,9.18889E+11,Factor late few worker message model draw phone.,25-03-2021,6:26 PM,CUST4461
4470,FB001,Nagpur,Aniruddha Kalbande,9.18889E+11,Herself study lose ahead.,01-04-2021,4:49 PM,CUST4470
4471,FB015,New York,Rachel,9.18889E+11,Big enough somebody it factor.,22-09-2021,12:09 PM,CUST4471
4513,FB015,New York,Rachel,9.18889E+11,Forward traditional tax.,06-02-2021,8:05 AM,CUST4513
4520,FB008,New York,Steve,9.18889E+11,Reality clear perhaps watch.,10-12-2021,4:06 AM,CUST4520
4534,FB003,Pune,Shubhangi,9.18889E+11,Performance quickly foot father suggest activity network.,05-03-2021,10:17 PM,CUST4534
4546,FB015,New York,Rachel,9.18889E+11,Land training alone person stay focus.,15-05-2021,2:07 AM,CUST4546
4555,FB001,Nagpur,Aniruddha Kalbande,9.18889E+11,Good woman form theory.,25-01-2022,1:53 PM,CUST4555
4557,FB008,New York,Steve,9.18889E+11,Cell anyone use lay do hundred with turn.,09-08-2022,12:33 AM,CUST4557
4570,FB001,Nagpur,Aniruddha Kalbande,9.18889E+11,Response manage although foot.,05-02-2022,8:52 PM,CUST4570
4584,FB001,Nagpur,Aniruddha Kalbande,9.18889E+11,Line successful leader write.,17-08-2024,3:03 AM,CUST4584
4595,FB001,Nagpur,Aniruddha Kalbande,9.18889E+11,Rest Congress film order stage.,17-10-2023,5:30 PM,CUST4595
4601,FB015,New York,Rachel,9.18889E+11,Response debate imagine different international.,12-02-2021,5:30 AM,CUST4601
4602,FB002,Mumbai,Ankur Garde,9.18889E+11,These he later base resource detail seem.,19-06-2024,10:20 AM,CUST4602
4604,FB002,Mumbai,Ankur Garde,9.18889E+11,Represent middle grow product.,11-07-2024,12:06 PM,CUST4604
4613,FB008,New York,Steve,9.18889E+11,Financial person establish discover way lot.,04-05-2021,6:22 AM,CUST4613
4621,FB003,Pune,Shubhangi,9.18889E+11,Class lay fine room.,12-06-2022,9:18 AM,CUST4621
4623,FB002,Mumbai,Ankur Garde,9.18889E+11,Nothing why involve scientist.,08-05-2024,2:42 AM,CUST4623
4626,FB001,Nagpur,Aniruddha Kalbande,9.18889E+11,Forward ball try pressure.,03-09-2023,7:34 AM,CUST4626
4632,FB002,Mumbai,Ankur Garde,9.18889E+11,Management factor gas this appear hospital blood.,16-07-2024,5:39 AM,CUST4632
4683,FB008,New York,Steve,9.18889E+11,Force brother treatment anyone.,01-08-2021,7:14 AM,CUST4683
4702,FB002,Mumbai,Ankur Garde,9.18889E+11,Various present clearly green summer base war.,19-08-2024,7:50 AM,CUST4702
4705,FB003,Pune,Shubhangi,9.18889E+11,Oil amount nothing upon.,11-02-2022,8:40 PM,CUST4705
4719,FB015,New York,Rachel,9.18889E+11,Crime anything eye behavior family.,19-06-2021,1:22 AM,CUST4719
4736,FB001,Nagpur,Aniruddha Kalbande,9.18889E+11,Effect support white him central may.,22-09-2020,4:20 PM,CUST4736
4741,FB008,New York,Steve,9.18889E+11,Worry size on.,03-11-2023,10:23 PM,CUST4741
4742,FB001,Nagpur,Aniruddha Kalbande,9.18889E+11,Possible exactly thousand lay training.,11-12-2021,3:32 PM,CUST4742
4744,FB001,Nagpur,Aniruddha Kalbande,9.18889E+11,Believe pass notice owner kind.,26-05-2022,5:14 PM,CUST4744
4764,FB002,Mumbai,Ankur Garde,9.18889E+11,Anything interesting quickly away success relationship total.,16-04-2024,2:31 AM,CUST4764
4769,FB002,Mumbai,Ankur Garde,9.18889E+11,Point follow commercial how training grow senior.,20-02-2023,4:11 AM,CUST4769
4773,FB001,Nagpur,Aniruddha Kalbande,9.18889E+11,Capital business have show need.,10-06-2024,4:54 PM,CUST4773
4778,FB001,Nagpur,Aniruddha Kalbande,9.18889E+11,Cell capital record front oil cell.,02-01-2023,4:00 AM,CUST4778
4788,FB008,New York,Steve,9.18889E+11,East fish room dog author figure serve.,13-07-2021,12:51 PM,CUST4788
4790,FB001,Nagpur,Aniruddha Kalbande,9.18889E+11,Without race future.,17-11-2021,8:06 PM,CUST4790
4798,FB015,New York,Rachel,9.18889E+11,Traditional goal authority form outside at.,30-10-2021,2:49 AM,CUST4798
4802,FB002,Mumbai,Ankur Garde,9.18889E+11,After education ok Congress.,14-12-2021,6:45 AM,CUST4802
4807,FB008,New York,Steve,9.18889E+11,Could have civil can simply month.,27-11-2023,8:43 PM,CUST4807
4818,FB001,Nagpur,Aniruddha Kalbande,9.18889E+11,Act so crime happy method former threat.,17-09-2021,12:05 PM,CUST4818
4819,FB008,New York,Steve,9.18889E+11,Event enter value four suffer magazine.,23-02-2022,3:49 PM,CUST4819
4823,FB003,Pune,Shubhangi,9.18889E+11,Probably evidence make consider some wait bring.,24-12-2021,9:45 PM,CUST4823
4832,FB003,Pune,Shubhangi,9.18889E+11,Window child one wind pressure.,22-02-2022,10:48 AM,CUST4832
4836,FB001,Nagpur,Aniruddha Kalbande,9.18889E+11,Summer since peace foot.,05-09-2021,4:03 AM,CUST4836
4857,FB002,Mumbai,Ankur Garde,9.18889E+11,Beat necessary agree them find.,16-11-2021,6:29 AM,CUST4857
4864,FB002,Mumbai,Ankur Garde,9.18889E+11,Six court new game appear serve foot.,21-07-2022,10:58 PM,CUST4864
4865,FB008,New York,Steve,9.18889E+11,Church born old whatever so.,13-04-2022,1:06 PM,CUST4865
4866,FB008,New York,Steve,9.18889E+11,Choice air occur firm society control sign.,26-05-2023,7:35 PM,CUST4866
4868,FB002,Mumbai,Ankur Garde,9.18889E+11,Impact lose city end.,18-08-2021,8:18 AM,CUST4868
4878,FB003,Pune,Shubhangi,9.18889E+11,Program key job quality.,15-08-2024,6:36 AM,CUST4878
4888,FB008,New York,Steve,9.18889E+11,President see north public theory.,13-11-2020,5:00 PM,CUST4888
4895,FB002,Mumbai,Ankur Garde,9.18889E+11,Another east foreign part dinner.,30-12-2020,9:56 AM,CUST4895
4897,FB015,New York,Rachel,9.18889E+11,Listen deal activity practice summer plan policy.,30-01-2021,4:51 AM,CUST4897
4899,FB008,New York,Steve,9.18889E+11,Pull suddenly dark middle one.,11-09-2023,11:08 AM,CUST4899
4900,FB008,New York,Steve,9.18889E+11,Interesting field soldier stuff.,08-09-2020,7:53 AM,CUST4900
4901,FB015,New York,Rachel,9.18889E+11,Growth time community drug growth say.,15-01-2022,4:00 PM,CUST4901
4910,FB001,Nagpur,Aniruddha Kalbande,9.18889E+11,Again figure fire want time coach.,07-04-2021,12:29 AM,CUST4910
4942,FB002,Mumbai,Ankur Garde,9.18889E+11,Soldier clearly season result month small herself.,08-04-2023,5:29 AM,CUST4942
4946,FB002,Mumbai,Ankur Garde,9.18889E+11,Fly bag subject general look few staff.,08-04-2024,7:44 PM,CUST4946
4948,FB003,Pune,Shubhangi,9.18889E+11,Evening night anyone force.,08-05-2021,1:22 PM,CUST4948
4964,FB002,Mumbai,Ankur Garde,9.18889E+11,Data similar economic must.,04-12-2022,7:56 PM,CUST4964
4969,FB001,Nagpur,Aniruddha Kalbande,9.18889E+11,Interview ten here allow sit no.,18-03-2022,2:32 PM,CUST4969
4971,FB008,New York,Steve,9.18889E+11,Building relate shoulder actually beat.,12-06-2024,10:09 AM,CUST4971
4979,FB002,Mumbai,Ankur Garde,9.18889E+11,Member behavior most along line stuff.,01-08-2021,5:38 AM,CUST4979
4980,FB003,Pune,Shubhangi,9.18889E+11,Through thus discuss.,20-04-2024,9:19 AM,CUST4980
4989,FB015,New York,Rachel,9.18889E+11,Player because relationship behind ready oil gun.,03-02-2022,1:57 AM,CUST4989
5000,FB015,New York,Rachel,9.18889E+11,Idea mind right owner boy bed take fear.,27-05-2021,5:10 AM,CUST5000
5002,FB008,New York,Steve,9.18889E+11,Class direction time put play like.,21-08-2024,8:10 AM,CUST5002
5004,FB008,New York,Steve,9.18889E+11,Heart morning stay beat reduce she thus government.,02-02-2023,1:21 PM,CUST5004
5011,FB003,Pune,Shubhangi,9.18889E+11,Although whether writer consumer bad.,08-03-2021,1:28 PM,CUST5011
5017,FB015,New York,Rachel,9.18889E+11,Population show weight all avoid place machine.,25-11-2023,3:49 AM,CUST5017
5018,FB008,New York,Steve,9.18889E+11,Suddenly recently center Mrs consumer.,09-05-2022,3:40 PM,CUST5018
5019,FB001,Nagpur,Aniruddha Kalbande,9.18889E+11,Take first need other detail within.,19-10-2023,1:27 PM,CUST5019
5035,FB003,Pune,Shubhangi,9.18889E+11,Child oil movie tree side cup scene.,01-03-2021,6:35 PM,CUST5035
5036,FB008,New York,Steve,9.18889E+11,Thousand your where.,06-11-2021,9:53 AM,CUST5036
5057,FB008,New York,Steve,9.18889E+11,Drop where usually good somebody.,08-08-2024,11:06 PM,CUST5057
5062,FB001,Nagpur,Aniruddha Kalbande,9.18889E+11,Make skin rich student class blood week.,21-11-2020,12:15 PM,CUST5062
5064,FB015,New York,Rachel,9.18889E+11,Four though above can hear bad.,22-12-2021,12:43 PM,CUST5064
5070,FB003,Pune,Shubhangi,9.18889E+11,Discuss nothing bad network alone performance.,22-02-2024,2:09 PM,CUST5070
5077,FB003,Pune,Shubhangi,9.18889E+11,Case see teacher six around talk.,16-08-2023,4:06 AM,CUST5077
5080,FB003,Pune,Shubhangi,9.18889E+11,Course activity big agency century.,08-01-2021,9:39 PM,CUST5080
5081,FB002,Mumbai,Ankur Garde,9.18889E+11,Room person team discover determine.,28-02-2022,1:58 AM,CUST5081
5087,FB002,Mumbai,Ankur Garde,9.18889E+11,Person back ball modern company beautiful too again.,06-11-2023,6:40 PM,CUST5087
5088,FB001,Nagpur,Aniruddha Kalbande,9.18889E+11,Sign wear be central technology tell down.,25-09-2020,6:30 AM,CUST5088
5089,FB002,Mumbai,Ankur Garde,9.18889E+11,Property son usually small report issue determine.,31-10-2022,3:59 AM,CUST5089
5094,FB015,New York,Rachel,9.18889E+11,Responsibility pressure north we forward small.,27-12-2023,2:16 AM,CUST5094
5122,FB008,New York,Steve,9.18889E+11,Writer and become form its chance wish.,06-12-2023,5:11 AM,CUST5122
5124,FB003,Pune,Shubhangi,9.18889E+11,Trip call ability charge task make.,26-04-2023,11:02 PM,CUST5124
5136,FB008,New York,Steve,9.18889E+11,Lawyer report mission tonight.,08-12-2021,8:30 PM,CUST5136
5143,FB008,New York,Steve,9.18889E+11,Know floor party.,17-04-2021,8:17 PM,CUST5143
5146,FB001,Nagpur,Aniruddha Kalbande,9.18889E+11,Water white resource wish.,29-06-2021,5:15 AM,CUST5146
5148,FB003,Pune,Shubhangi,9.18889E+11,Watch individual authority question raise focus face.,14-11-2022,12:35 PM,CUST5148
5153,FB003,Pune,Shubhangi,9.18889E+11,Road fact seek fund eat sound.,21-08-2023,10:25 PM,CUST5153
5157,FB003,Pune,Shubhangi,9.18889E+11,Carry court whole choice.,22-06-2024,8:06 PM,CUST5157
5164,FB003,Pune,Shubhangi,9.18889E+11,Condition two increase trial guess capital.,11-06-2024,5:59 PM,CUST5164
5176,FB003,Pune,Shubhangi,9.18889E+11,Represent two likely black scientist save whatever water.,16-03-2022,1:29 AM,CUST5176
5181,FB002,Mumbai,Ankur Garde,9.18889E+11,Act myself mother contain.,10-03-2023,8:46 PM,CUST5181
5186,FB003,Pune,Shubhangi,9.18889E+11,Mention address leg just billion.,04-05-2021,10:07 PM,CUST5186
5189,FB015,New York,Rachel,9.18889E+11,Pull seem help.,01-04-2023,1:24 PM,CUST5189
5192,FB001,Nagpur,Aniruddha Kalbande,9.18889E+11,Away open relate another generation exist.,03-01-2022,2:22 AM,CUST5192
5219,FB008,New York,Steve,9.18889E+11,Memory hotel develop prove capital memory care impact.,28-02-2024,12:00 AM,CUST5219
5221,FB003,Pune,Shubhangi,9.18889E+11,Painting head now you bank safe themselves.,02-12-2023,9:50 AM,CUST5221
5223,FB003,Pune,Shubhangi,9.18889E+11,Station nice notice remember.,28-08-2021,1:47 PM,CUST5223
5235,FB008,New York,Steve,9.18889E+11,Social fast never strategy black sound food.,07-01-2023,3:19 AM,CUST5235
5236,FB001,Nagpur,Aniruddha Kalbande,9.18889E+11,Ask call tell keep.,19-04-2022,12:05 PM,CUST5236
5239,FB001,Nagpur,Aniruddha Kalbande,9.18889E+11,Benefit student reflect choice.,27-07-2024,6:29 PM,CUST5239
5241,FB015,New York,Rachel,9.18889E+11,Because bed two happy language friend easy.,08-08-2024,3:50 PM,CUST5241
5259,FB003,Pune,Shubhangi,9.18889E+11,Full throw voice individual carry fine.,16-10-2020,3:21 PM,CUST5259
5260,FB003,Pune,Shubhangi,9.18889E+11,Company television here area adult price final.,07-09-2023,8:18 PM,CUST5260
5264,FB002,Mumbai,Ankur Garde,9.18889E+11,Best health short strong indeed.,05-04-2024,12:40 PM,CUST5264
5284,FB003,Pune,Shubhangi,9.18889E+11,Realize small behind.,10-04-2021,3:02 AM,CUST5284
5288,FB003,Pune,Shubhangi,9.18889E+11,Vote sister contain experience between board network together.,01-03-2022,3:27 AM,CUST5288
5292,FB001,Nagpur,Aniruddha Kalbande,9.18889E+11,Friend safe season process want memory.,17-12-2022,5:49 AM,CUST5292
5314,FB002,Mumbai,Ankur Garde,9.18889E+11,Would thought hope health may assume necessary beyond.,31-03-2024,11:00 AM,CUST5314
5317,FB008,New York,Steve,9.18889E+11,Power challenge there phone.,14-08-2021,3:11 AM,CUST5317
5318,FB001,Nagpur,Aniruddha Kalbande,9.18889E+11,In scientist art theory base major rest.,30-06-2022,11:40 PM,CUST5318
5320,FB015,New York,Rachel,9.18889E+11,Manage TV we you dream.,29-05-2022,10:07 PM,CUST5320
5324,FB008,New York,Steve,9.18889E+11,Group tend Mr cell.,18-02-2024,7:38 AM,CUST5324
5327,FB002,Mumbai,Ankur Garde,9.18889E+11,Stand family challenge.,06-12-2020,11:26 AM,CUST5327
5330,FB003,Pune,Shubhangi,9.18889E+11,Floor simple bar benefit former heart concern maintain.,16-01-2022,4:37 PM,CUST5330
5332,FB001,Nagpur,Aniruddha Kalbande,9.18889E+11,Matter me me use Mrs.,13-11-2023,8:16 AM,CUST5332
5347,FB002,Mumbai,Ankur Garde,9.18889E+11,Game during bad appear gun tend son continue.,14-07-2024,4:14 PM,CUST5347
5361,FB003,Pune,Shubhangi,9.18889E+11,Whatever worker deal including.,24-04-2023,9:37 AM,CUST5361
5362,FB003,Pune,Shubhangi,9.18889E+11,Risk into respond born apply.,13-10-2020,11:20 AM,CUST5362
5363,FB002,Mumbai,Ankur Garde,9.18889E+11,Community fish professor.,29-06-2022,3:27 PM,CUST5363
5369,FB002,Mumbai,Ankur Garde,9.18889E+11,Large produce begin amount.,26-11-2023,6:20 AM,CUST5369
5370,FB008,New York,Steve,9.18889E+11,Draw raise expect Mr yes.,11-05-2022,9:59 PM,CUST5370
5375,FB001,Nagpur,Aniruddha Kalbande,9.18889E+11,Their join tax.,14-09-2022,1:58 AM,CUST5375
5380,FB015,New York,Rachel,9.18889E+11,Picture director green nice along throw car authority.,26-12-2023,4:08 PM,CUST5380
5383,FB001,Nagpur,Aniruddha Kalbande,9.18889E+11,Unit machine half far anything toward.,31-07-2024,8:46 PM,CUST5383
5386,FB015,New York,Rachel,9.18889E+11,Drop film answer consider PM raise lose.,09-12-2020,1:12 AM,CUST5386
5389,FB002,Mumbai,Ankur Garde,9.18889E+11,Thousand its fly control.,01-12-2023,2:58 AM,CUST5389
5394,FB001,Nagpur,Aniruddha Kalbande,9.18889E+11,Card view plan whose spend provide series.,22-01-2023,11:02 PM,CUST5394
5397,FB008,New York,Steve,9.18889E+11,Loss ago place teach learn.,07-08-2024,7:45 PM,CUST5397
5399,FB001,Nagpur,Aniruddha Kalbande,9.18889E+11,Key reality option him data she.,14-08-2021,12:01 AM,CUST5399
5404,FB001,Nagpur,Aniruddha Kalbande,9.18889E+11,Power occur relationship once.,03-01-2021,8:22 AM,CUST5404
5418,FB003,Pune,Shubhangi,9.18889E+11,Back a camera act too.,11-02-2022,9:26 AM,CUST5418
5428,FB001,Nagpur,Aniruddha Kalbande,9.18889E+11,Close see morning treatment now art benefit.,25-06-2022,6:11 PM,CUST5428
5448,FB015,New York,Rachel,9.18889E+11,Should author system theory.,21-04-2021,7:34 AM,CUST5448
5464,FB001,Nagpur,Aniruddha Kalbande,9.18889E+11,Down consider begin military wait already admit.,20-10-2021,10:16 PM,CUST5464
5465,FB008,New York,Steve,9.18889E+11,Reflect image bank father.,13-12-2020,9:10 AM,CUST5465
5466,FB002,Mumbai,Ankur Garde,9.18889E+11,Organization lead break reflect report machine particular marriage.,04-08-2023,5:11 AM,CUST5466
5475,FB003,Pune,Shubhangi,9.18889E+11,According ball leader American necessary people business.,13-06-2023,12:49 AM,CUST5475
5489,FB008,New York,Steve,9.18889E+11,Role door nearly represent Mrs.,23-06-2024,11:56 PM,CUST5489
5495,FB001,Nagpur,Aniruddha Kalbande,9.18889E+11,Whatever building stage through to community interesting.,01-09-2022,7:39 AM,CUST5495
5496,FB002,Mumbai,Ankur Garde,9.18889E+11,Season when area carry decade responsibility lead.,25-01-2022,7:46 PM,CUST5496
5502,FB015,New York,Rachel,9.18889E+11,Again body physical community new.,26-11-2022,7:52 PM,CUST5502
5505,FB008,New York,Steve,9.18889E+11,Role today foot decision president.,25-04-2023,11:53 AM,CUST5505
5508,FB015,New York,Rachel,9.18889E+11,World front explain great central American later skill.,26-04-2023,5:00 PM,CUST5508
5530,FB001,Nagpur,Aniruddha Kalbande,9.18889E+11,Where role begin.,30-06-2024,7:58 AM,CUST5530
5539,FB002,Mumbai,Ankur Garde,9.18889E+11,She seek quite seat plan.,25-09-2023,4:28 AM,CUST5539
5553,FB008,New York,Steve,9.18889E+11,Push education position discover various.,18-10-2023,4:14 PM,CUST5553
5578,FB002,Mumbai,Ankur Garde,9.18889E+11,Camera while although worker ask song read mind.,09-08-2023,6:50 AM,CUST5578
5580,FB015,New York,Rachel,9.18889E+11,Then million health study.,13-10-2020,4:01 AM,CUST5580
5593,FB002,Mumbai,Ankur Garde,9.18889E+11,Drop professional consumer participant Congress trip that a.,22-06-2021,10:54 AM,CUST5593
5595,FB002,Mumbai,Ankur Garde,9.18889E+11,Discuss history face professional wrong.,14-12-2020,11:19 PM,CUST5595
5623,FB008,New York,Steve,9.18889E+11,Class role manage just.,05-06-2022,9:24 PM,CUST5623
5624,FB003,Pune,Shubhangi,9.18889E+11,Rest cup game lay industry.,25-06-2024,8:14 AM,CUST5624
5648,FB001,Nagpur,Aniruddha Kalbande,9.18889E+11,Could something force.,12-06-2022,3:05 PM,CUST5648
5651,FB001,Nagpur,Aniruddha Kalbande,9.18889E+11,Four discussion memory responsibility.,05-04-2021,6:51 PM,CUST5651
5664,FB002,Mumbai,Ankur Garde,9.18889E+11,Pass nothing then both center.,13-12-2022,12:26 PM,CUST5664
5665,FB001,Nagpur,Aniruddha Kalbande,9.18889E+11,Reduce citizen trouble.,16-01-2021,3:42 AM,CUST5665
5677,FB002,Mumbai,Ankur Garde,9.18889E+11,Alone property use some stock.,24-10-2021,8:01 PM,CUST5677
5689,FB002,Mumbai,Ankur Garde,9.18889E+11,Machine say fact.,19-10-2021,12:44 AM,CUST5689
